Date,Close/Last,Volume,Open,High,Low
10/5/22,902,38121,903.25,919.75,894.25
10/4/22,903,47216,916.25,927,897.5
10/3/22,912,50239,930,938.75,908.5
9/30/22,921.5,73757,899.75,945.75,892.75
9/29/22,896.25,40124,902.5,914.5,887.75
9/28/22,903.25,49033,874.25,905,862
9/27/22,871.5,47399,857.5,894.5,857
9/26/22,858,47438,877,890.75,854.25
9/23/22,880.5,52333,908.75,913,876
9/22/22,910.75,56652,896.5,922.5,891
9/21/22,903.75,86604,886.5,919.5,873
9/20/22,893.75,68458,827.75,896.75,825.5
9/19/22,830.5,44262,857.25,861.25,819.25
9/16/22,859.75,44859,846.75,866.5,830.75
9/15/22,845,50456,874,884.75,843.25
9/14/22,872.25,43446,862.5,874.75,849.25
9/13/22,860.5,46631,858,876.25,850.5
9/12/22,858.75,57614,864.75,878,848.5
9/9/22,869.5,49121,829,872.5,826
9/8/22,829,50719,837,857.25,818
9/7/22,844.25,79408,816.75,873.5,809.25
9/6/22,817,34896,814.75,825,801.25
9/2/22,811,34212,797.75,819.5,796.25
9/1/22,794.25,55994,828.25,835,791.25
8/31/22,831.5,46943,820,839.25,806.25
8/30/22,820.25,56889,840.25,846.25,816.5
8/29/22,842.75,70744,806,849,794.25
8/26/22,805.25,51552,784,812.5,783.25
8/25/22,789,45948,813.25,821.5,785.75
8/24/22,813.25,47127,800.5,817.75,792.25
8/23/22,800.5,51036,787.5,819.75,785
8/22/22,788.25,43396,771.25,791.75,762.5
8/19/22,771,39139,751,773.75,745.25
8/18/22,749,56362,781.75,783.5,743.25
8/17/22,780.5,42357,802.75,813.75,777
8/16/22,802.75,29061,815,827.25,798.75
8/15/22,817.75,29279,819.25,821,795.25
8/12/22,822.5,37114,825,825,798
8/11/22,826.25,49601,816.25,836,810.75
8/10/22,816.25,48896,799.25,824.25,798.75
8/9/22,781.5,50954,785.75,801.25,772.75
8/8/22,779.75,49640,776.5,793.75,760.75
8/5/22,775.75,44264,782,796.75,769.75
8/4/22,782.5,44063,768,789.5,758.25
8/3/22,763.75,47872,774,790.25,752
8/2/22,774.75,42966,795,795.75,772.75
8/1/22,800.25,38272,812.75,820.25,781.25
7/29/22,807.75,44280,817,845.75,801
7/28/22,817,35486,786.25,824.25,786.25
7/27/22,790.25,39280,802.5,818.75,782
7/26/22,803.75,40530,773,806,772.25
7/25/22,770,45198,787,793.5,760.5
7/22/22,759,63009,803.25,807.25,754
7/21/22,806.25,40349,819.5,834,795.5
7/20/22,819.5,36233,810.25,843.5,801
7/19/22,812.25,42921,808.5,822.25,792.5
7/18/22,812.75,40128,787.25,825,778.5
7/15/22,776.75,40309,798,804.75,765.75
7/14/22,795,50155,812.75,829.5,792
7/13/22,810.75,44476,813.5,840.5,806.75
7/12/22,814.25,47900,855.25,869.5,810
7/11/22,856.5,49420,928.75,935.25,853.75
7/8/22,891.5,46890,838.25,894.75,838.25
7/7/22,836.5,44805,807.75,846,807.75
7/6/22,804.5,55621,807,838.5,785.25
7/5/22,807,51840,842.25,842.5,804.5
7/1/22,846,49131,890,896.25,840.5
6/30/22,884,64071,930,939.5,881
6/29/22,930,48556,936,956,929
6/28/22,936,51218,923.5,949.75,921
6/27/22,917.5,46164,933.25,952.25,913.5
6/24/22,936.5,41402,945.75,973,934.25
6/23/22,949.25,44508,985,987,946.5
6/22/22,988.75,48677,990,1018.5,972.25
6/21/22,987.25,55018,1046,1046,985.5
6/17/22,1046.75,34573,1090,1096,1042.75
6/16/22,1090.5,30572,1063.5,1096.5,1060
6/15/22,1063.5,26811,1070,1073.25,1051.5
6/14/22,1065.25,28601,1086,1088,1061.75
6/13/22,1086,40346,1086,1107.75,1068
6/10/22,1070.75,53652,1074.5,1081.25,1053
6/9/22,1071.25,61135,1076.25,1082,1044.25
6/8/22,1074.75,59630,1073,1089,1061.75
6/7/22,1071.75,75811,1093,1101,1058.5
6/6/22,1093,56628,1060,1108.75,1060
6/3/22,1040,38400,1061.5,1069.25,1036.25
6/2/22,1058.25,52653,1043.25,1075,1037.25
6/1/22,1041.25,74801,1091,1098,1027.25
5/31/22,1087.5,65181,1157,1157.25,1087.5
5/27/22,1157.5,24192,1143.25,1170.25,1133.5
5/26/22,1143.25,36580,1133,1160.25,1115
5/25/22,1148.25,50663,1154.5,1158.5,1114.5
5/24/22,1154.75,50598,1196,1208.75,1138
5/23/22,1190,33317,1181.75,1196.75,1174.75
5/20/22,1168.75,38945,1208,1208,1168
5/19/22,1200.5,51195,1222,1247.75,1193.5
5/18/22,1230.75,54753,1278.5,1280,1211.5
5/17/22,1277.5,70789,1268,1284,1200.75
5/16/22,1247.5,52635,1234.25,1247.5,1222.25
5/13/22,1177.5,33746,1172.75,1198.5,1158.5
5/12/22,1178.75,54186,1113,1183,1102.75
5/11/22,1113,31455,1094.75,1126.5,1094.25
5/10/22,1095.5,27841,1090.25,1107,1083
5/9/22,1092.75,36132,1120.75,1135,1090
5/6/22,1108.5,38116,1102,1127.5,1087.75
5/5/22,1106.5,45540,1079,1121.75,1077.25
5/4/22,1076.5,42332,1047,1089,1042.25
5/3/22,1045.5,29749,1056.25,1068.75,1044
5/2/22,1055.5,39695,1049,1071.5,1034.25
4/29/22,1055.75,36624,1085,1102.5,1054.25
4/28/22,1085.75,28123,1088,1106.5,1081
4/27/22,1091.25,25108,1092.5,1097.5,1078.25
4/26/22,1095,33152,1081,1107,1077
4/25/22,1072.5,36485,1081.75,1089.5,1055.75
4/22/22,1075.25,30525,1077.25,1085.5,1060.75
4/21/22,1076.5,33416,1103,1103,1061.75
4/20/22,1097.5,37920,1107,1118.5,1075
4/19/22,1109,35829,1130.5,1143.5,1105.75
4/18/22,1128.75,35085,1111,1143,1109.25
4/14/22,1104.5,38313,1120,1135.25,1102.5
4/13/22,1121.25,65771,1111.75,1131.75,1086.75
4/12/22,1112.5,53150,1085.5,1125,1082.25
4/11/22,1089,65601,1063,1096.5,1061.25
4/8/22,1058.25,46808,1025.5,1060,1022.25
4/7/22,1020,41480,1040.25,1044.5,1017.75
4/6/22,1038.25,25956,1049.5,1056.25,1023.5
4/5/22,1045.25,25475,1020.5,1074,1020
4/4/22,1010.25,24481,989.5,1014.5,984.75
4/1/22,984.5,31872,1007.25,1032.75,982.5
3/31/22,1006,33374,1030.25,1075,1003.5
3/30/22,1027.25,23864,1015,1041.75,1002.25
3/29/22,1014.25,43073,1047,1068.25,972
3/28/22,1057,25117,1092.75,1096,1047
3/25/22,1102.25,26618,1089.5,1109,1064.75
3/24/22,1085.75,21169,1105.75,1115,1080.5
3/23/22,1105.75,23712,1119.25,1139,1101
3/22/22,1118.25,27202,1119.25,1169.25,1102.25
3/21/22,1119.25,35740,1075,1148.75,1061.75
3/18/22,1063.75,17877,1095,1106,1055.75
3/17/22,1098,29886,1051,1108.25,1031.75
3/16/22,1069.25,37090,1157.25,1159.5,1069.25
3/15/22,1154.25,28768,1106,1160.75,1088.25
3/14/22,1096.25,36704,1126.25,1148.75,1064
3/11/22,1106.5,45793,1082,1126.25,1043.25
3/10/22,1087,71384,1151,1221.25,1080
3/9/22,1201.5,53970,1284.5,1285,1201.5
3/8/22,1286.5,126961,1363.5,1363.5,1164
3/7/22,1294,38418,1294,1294,1294
3/4/22,1209,33461,1209,1209,1209
3/3/22,1134,82212,1071.5,1134,1070
3/2/22,1059,100614,1014,1059,985.25
3/1/22,984,49838,934.5,984,932.25
2/28/22,934,103275,930.25,934.75,885.5
2/25/22,859.75,106417,930.25,960.75,859.75
2/24/22,934.75,109750,891.5,934.75,885.5
2/23/22,884.75,93902,849,888.75,842.75
2/22/22,852.5,96416,823.75,854,810.75
2/18/22,804,52775,804.25,818.75,797
2/17/22,804.75,53396,786,805.5,781.5
2/16/22,786.25,33670,785,793,779.5
2/15/22,785.75,46086,807.75,808.5,779.5
2/14/22,805.5,49376,809.25,820,787.5
2/11/22,804,62806,778.25,812.75,772
2/10/22,771.5,86501,785.5,801.75,765.75
2/9/22,785,90940,779.5,788.25,770.5
2/8/22,778.75,91366,771.25,782,754
2/7/22,768.75,76580,776,776.5,760
2/4/22,763.25,47214,754.75,767.25,748.25
2/3/22,751.75,47839,754,756.5,740
2/2/22,755,64470,770,778.5,749.25
2/1/22,769,49757,762.5,776.75,760.5
1/31/22,761.25,67421,793,798.5,756.75
1/28/22,786.25,47253,777.25,793.5,774.75
1/27/22,777,58389,794.25,795.5,774
1/26/22,795,70404,817.25,817.5,787
1/25/22,818,71723,801,831.5,800.5
1/24/22,800.5,56457,794,802.5,775.75
1/21/22,780,45306,788,791,778
1/20/22,790.25,55848,794,802.75,783.75
1/19/22,796.5,64593,772,797.25,769.5
1/18/22,769,66931,742.25,771.5,741.25
1/14/22,741.5,42065,746,747.25,737
1/13/22,746.75,45671,757,757.75,741
1/12/22,757.75,48505,768,770,753.5
1/11/22,770.25,40008,761.75,770.5,758.25
1/10/22,762,42879,760.75,767.5,748
1/7/22,758.5,55223,748,760.75,735.5
1/6/22,746,61257,761.75,762,736
1/5/22,760.75,36896,771,771.5,756
1/4/22,770,40947,758,771.5,756.25
1/3/22,758,40447,774,782.25,752.75
12/31/21,770.75,23572,782.5,787.75,769.5
12/30/21,779.75,28053,789.5,791.75,776
12/29/21,787.75,39041,785.25,793,774
12/28/21,783.5,40740,805.75,808,781.75
12/27/21,804,28865,817.5,824,802.5
12/23/21,814.75,34837,812.5,820.5,808.25
12/22/21,814,47637,796.75,817,792
12/21/21,799,44518,778.5,799.75,772.5
12/20/21,777.75,37332,777.5,778.75,757.75
12/17/21,775,35883,770,780.25,765.25
12/16/21,770.5,48408,757.5,773,751.25
12/15/21,756,73093,787,787,751
12/14/21,787,32225,789.5,792.25,777.5
12/13/21,788.75,35847,784.75,794,776
12/10/21,785.25,35371,779,788,768
12/9/21,776.75,60546,796,796.5,770.5
12/8/21,794.5,36837,810,812,790.75
12/7/21,808.5,33855,808.5,813.5,797.5
12/6/21,806.25,37563,810.75,812,789.5
12/3/21,803.75,56505,818,822.75,796.5
12/2/21,815,63490,790.25,820.5,789.5
12/1/21,790.5,53588,791.75,799,785.5
11/30/21,787.25,83068,824.25,824.25,782.5
11/29/21,822.25,67848,853.5,855.25,818.75
11/26/21,840.25,47988,833,845.25,823.25
11/24/21,850.25,78244,867.5,874.75,847
11/23/21,867.5,48944,857,868.25,849.5
11/22/21,857.5,57410,838.75,859.5,836.75
11/19/21,834.25,52842,831.75,841.25,823.75
11/18/21,830.75,65676,835.5,854,830
11/17/21,833,59155,821.75,844,820.5
11/16/21,820,55622,837.75,837.75,819.5
11/15/21,836.75,43851,830,840.25,824.25
11/12/21,828.5,42669,825,837.75,817.25
11/11/21,824.25,73357,815,836,810.5
11/10/21,803,76626,783,803.75,778
11/9/21,778.5,73385,769.25,783.25,764.5
11/8/21,768,67505,768.25,773,762.5
11/5/21,766.5,74613,774.75,781.5,765.5
11/4/21,773.75,48197,782,794.25,772.25
11/3/21,781,44322,790.5,796.75,777.5
11/2/21,791.5,61622,798.5,807,789.75
11/1/21,797.25,69253,774.5,800.5,768.25
10/29/21,772.75,45633,773.25,780,763.5
10/28/21,772.5,54226,760,780,751.5
10/27/21,759.75,48378,750.5,762.75,745
10/26/21,752.25,50050,763,765,747.5
10/25/21,759.5,39968,759.75,767,753.25
10/22/21,756,50204,743.75,759.5,743.5
10/21/21,741.25,32436,749.75,752.5,738.25
10/20/21,749.25,33709,737,750,736.5
10/19/21,736,36341,736,745.25,735.25
10/18/21,736.25,30367,734,738.75,728.5
10/15/21,734,37904,725,740.5,722.25
10/14/21,724.75,38474,718.75,729.5,718.5
10/13/21,718.75,55270,736,737.75,712.75
10/12/21,734,56064,731.75,743.75,718
10/11/21,731.75,30689,734,739.5,731
10/8/21,734,45972,739.25,746.5,731.75
10/7/21,741.25,40946,746,752.5,739.5
10/6/21,746,42553,744.75,756.75,742.25
10/5/21,744.75,45227,756.25,757,743.75
10/4/21,756.5,51623,752.25,763.5,748.5
10/1/21,755.25,81517,725,758.5,722.75
9/30/21,725.5,68951,711.25,732.75,701.25
9/29/21,710.25,37135,709.25,717.75,708.25
9/28/21,706.5,50523,722,726.75,706
9/27/21,722.25,30882,723.5,728.5,720.25
9/24/21,723.75,44836,718.5,725.75,711.5
9/23/21,717.75,39166,708.5,719.5,704
9/22/21,705.75,35834,689.5,706.75,688
9/21/21,690.25,41817,700.25,701,686
9/20/21,700.75,34981,708,710.75,695.75
9/17/21,708.75,31524,713.75,716,706.5
9/16/21,713,37888,711.25,716.75,705
9/15/21,712.25,48981,700,714.75,695.25
9/14/21,700.75,53132,686.75,701.5,685.25
9/13/21,687,39856,690,690,679
9/10/21,688.5,66325,692,695.75,677
9/9/21,692.25,64677,711,711.25,691.5
9/8/21,709.5,45044,720,724,707.5
9/7/21,719.75,51536,724,733.25,714
9/3/21,726.25,51602,717.25,727.5,712
9/2/21,717,51364,714.25,721.25,705.5
9/1/21,714.25,66010,723.5,729.5,709
8/31/21,722.25,94541,723,725.5,707
8/30/21,723.5,62968,734.75,743.5,722.25
8/27/21,732.5,60251,740.5,745,731.75
8/26/21,739.25,53627,727.25,741,723.25
8/25/21,725.5,58307,732.25,734,718.5
8/24/21,732.25,54856,737,737.5,724.75
8/23/21,733.5,43753,726.25,745,724
8/20/21,728.25,59297,742.5,747.75,723.5
8/19/21,742.75,54443,751,751,730.75
8/18/21,751.25,48604,747.5,754.5,735.25
8/17/21,748.5,75121,777,778.25,745.5
8/16/21,775,56710,774.5,784.25,771.75
8/13/21,774.25,68094,763.75,786.5,759
8/12/21,764.75,76881,736,772.5,735
8/11/21,739.25,71600,739.5,744.75,731.5
8/10/21,739.5,63880,724.75,742.25,722
8/9/21,711.25,74122,719,723.75,708.25
8/6/21,719,79476,712.75,724.75,709.25
8/5/21,712.75,60991,714.75,725.5,709.75
8/4/21,717.25,72819,724.25,738.75,714.5
8/3/21,724.5,71375,727.5,734.75,717.75
8/2/21,729.5,60284,704,731.75,704
7/30/21,703.75,50807,705,711.5,695
7/29/21,705.25,43076,689.75,706.75,689
7/28/21,688.75,46378,675,696.25,673.75
7/27/21,674.5,47739,680.25,690,671.75
7/26/21,677,41263,684,684,665.5
7/23/21,684,40614,688,696.75,677.5
7/22/21,692.25,60895,708.25,709,681.75
7/21/21,710.75,50413,701,712,700
7/20/21,700.5,60627,698.75,718,698.25
7/19/21,697.75,71453,702.75,709.5,694.25
7/16/21,692.5,73311,671.75,696.25,670.75
7/15/21,672,54063,653.75,673.5,651.25
7/14/21,654.25,57003,635,657.5,632.5
7/13/21,633.75,62100,640.5,644.75,630.5
7/12/21,640.75,77309,614.5,645.5,610.25
7/9/21,615,46846,619.75,620.75,609.5
7/8/21,618,47722,624.25,627.75,616.5
7/7/21,622.25,50905,623.25,634.25,618
7/6/21,626,89173,638,638,615.5
7/2/21,652.75,58508,667,673,648.25
7/1/21,665.5,81387,679,694.25,665
6/30/21,679.5,85632,645.5,681,632.25
6/29/21,646.25,68929,657,663.5,644.5
6/28/21,651.5,69134,640.25,659.25,639.25
6/25/21,640.75,62418,651.5,658,637
6/24/21,652,67156,662.5,662.5,644.5
6/23/21,663.75,60725,657.25,672,657
6/22/21,655,58030,670,676.5,654.75
6/21/21,665,54661,662,675.75,649.25
6/18/21,665.75,55558,644.25,671.5,642.5
6/17/21,643,62442,666,670,640.25
6/16/21,665.75,50953,667,676,663
6/15/21,666,47142,679,680.75,654.25
6/14/21,679,42502,685.75,685.75,662
6/11/21,685.75,48983,688.25,691,680.75
6/10/21,683.75,95045,684,689.25,672.75
6/9/21,682.25,79293,685,686,673.5
6/8/21,685,84259,682.5,699.25,680.25
6/7/21,680,91953,691.5,693.5,678.5
6/4/21,687.75,53516,678.5,690.25,676.25
6/3/21,676.25,56208,689.5,699.25,669.25
6/2/21,687.5,62408,692,701.5,681.5
6/1/21,693.5,73014,673.25,702,672
5/28/21,663.5,53338,666,668,662.5
5/27/21,676.25,62149,675.5,678.75,674
5/26/21,648.5,58296,657,657.75,639.5
5/25/21,656.5,61659,653,657.75,652.5
5/24/21,662.25,54994,667,668.75,653.25
5/21/21,674.25,52438,675.5,677.5,665.75
5/20/21,675.25,52817,682.25,688,672.25
5/19/21,679.25,73209,698,699,671.5
5/18/21,698,59010,702.5,718.5,692.5
5/17/21,699.75,51356,704,707.5,692
5/14/21,707.25,78110,706.25,724.25,699.5
5/13/21,701.5,87665,702.25,705.5,700
5/12/21,729.75,57536,745,751.5,724.25
5/11/21,741.75,62598,746,746,738.25
5/10/21,730.5,73553,734.75,739.5,727.25
5/7/21,761.75,61179,753.25,767.5,745.25
5/6/21,753.25,69099,751.75,755.75,748.25
5/5/21,744.5,53734,727,746,718.25
5/4/21,726.75,60308,726.75,729.5,725.5
5/3/21,718,82842,739.75,753.5,713.25
4/30/21,734.75,62004,728,736.5,717
4/29/21,729,75402,720.75,733.75,714.25
4/28/21,722.75,99735,733,741.25,711.5
4/27/21,732.75,119899,736.5,769.5,726.5
4/26/21,739.5,111227,714.75,746,714.75
4/23/21,712.25,91462,710,715.25,701.25
4/22/21,710.5,125313,709.25,710.5,707.5
4/21/21,675,72772,664.25,680,660.5
4/20/21,661.25,80771,653,679.5,651.25
4/19/21,653.75,46385,655.75,663,652.5
4/16/21,655,50721,654.5,660.75,649.5
4/15/21,655.5,71938,654.25,654.75,654.25
4/14/21,650.25,112998,634.5,658.5,634.25
4/13/21,633.5,69675,632.5,640.5,631.25
4/12/21,631.25,87950,639.75,640.25,625.75
4/9/21,638.75,103881,640.75,646.5,635
4/8/21,628.75,77606,618,631.5,616
4/7/21,616.25,64324,615,619.75,609.75
4/6/21,615.5,52208,622,627.5,613.75
4/5/21,618,50126,607,625,607
4/1/21,611,70331,623,625.75,601.25
3/31/21,618,86270,603.25,631.75,593.25
3/30/21,601.75,47931,616.25,616.75,600.5
3/29/21,616.75,35834,615.75,617.75,607.25
3/26/21,613.25,43922,611,619,608.25
3/25/21,612.5,58702,624.75,625.5,609
3/24/21,624.75,44390,635,638.75,624
3/23/21,634.75,67062,628,644.5,621
3/22/21,627.25,34028,627.5,630.75,621.25
3/19/21,627,50144,629,635.5,621.75
3/18/21,630.5,8491,633,634,629
3/17/21,640,34633,646.25,649.5,639.25
3/16/21,647,49289,645.5,648,631.75
3/15/21,645,37345,637.75,647.75,636
3/12/21,638.5,33173,643.75,645.75,637.5
3/11/21,642.5,47388,643.25,645.75,639
3/10/21,652.5,43603,644.75,653.75,644.25
3/9/21,656.5,58949,646,657.75,643.75
3/8/21,646.5,59381,659.75,662.75,639.5
3/5/21,653,40759,651,660.75,646.75
3/4/21,651,51834,655.25,655.75,650.25
3/3/21,656,43682,654.75,658,651.75
3/2/21,666.25,59485,666,667.25,661.5
3/1/21,650.25,48523,648.75,651,648
2/26/21,660.25,52584,672.25,674,658.25
2/25/21,675.75,62363,681.5,686,666.25
2/24/21,685.5,69825,670.5,688.5,668.75
2/23/21,670.25,51210,671,672.5,661.25
2/22/21,669.75,52693,658.25,671,655.75
2/19/21,655.5,70671,667.75,672,653
2/18/21,665.25,81900,647.75,668.75,645.25
2/17/21,648,62523,664,665,642.25
2/16/21,661.5,55239,651.5,664.25,644.5
2/12/21,641.25,52814,638.5,647.5,636.75
2/11/21,639,60387,642,649.75,636.75
2/10/21,635.5,91108,649.5,650.5,626.75
2/9/21,649.5,114313,657.75,660.5,639.75
2/8/21,655.75,95102,643,657.5,642.5
2/5/21,641.25,72272,634.75,647.5,632.25
2/4/21,637.5,63557,635.25,639.25,633
2/3/21,648.25,75552,639.5,649.75,637.5
2/2/21,644.75,44324,655,656.75,640.5
2/1/21,651,53621,663.5,671,646
1/29/21,663,57057,646.25,664.75,643
1/28/21,647,63369,655,664.5,643.5
1/27/21,658.25,51954,663.25,672.75,652.5
1/26/21,665.25,66058,646.75,667.75,641.25
1/25/21,648.5,62668,633,651.5,624.25
1/22/21,634.5,73242,658.5,659,633
1/21/21,660.75,47675,666.5,674.75,657.75
1/20/21,667.75,64379,675.25,676,656.5
1/19/21,672.25,61713,683.75,691.25,668.75
1/15/21,675.5,75385,671,693,664.5
1/14/21,670,57699,660,673.25,653
1/13/21,660.5,76421,665,680.75,656.25
1/12/21,665,76800,636.25,670,634
1/11/21,634.75,54575,639,651.5,628.75
1/8/21,638.75,51084,644.75,649.5,634
1/7/21,642.25,45862,646.75,648.25,638
1/6/21,647.5,59364,654,660.25,646
1/5/21,654,78039,641.5,664.5,639.5
1/4/21,642,64663,643,650.25,634
12/31/20,640.5,41801,640,644.5,632.5
12/30/20,640.75,60682,620,643.5,614
12/29/20,618.5,34165,614.25,623.25,611.5
12/28/20,614.25,52228,613.25,615.75,611
12/24/20,627,34630,631,633.75,623.5
12/23/20,629.75,66699,615.25,633.75,610.5
12/22/20,617,53152,615.5,619.75,603
12/21/20,611.25,46410,610.25,615.25,596.5
12/18/20,608.25,40665,611.5,614.75,604.5
12/17/20,608.75,41352,599.75,610,598.5
12/16/20,598.5,54831,602.25,607.75,589.75
12/15/20,599.75,48053,597.25,605.75,594.25
12/14/20,596.5,71755,618,622,595.75
12/11/20,614.5,81972,597.25,619.25,590.25
12/10/20,596.5,71979,586.75,599.5,584
12/9/20,583.25,53399,570.5,585,567.25
12/8/20,570,41614,575.25,577.25,569.25
12/7/20,577.5,50181,575.75,579.75,575.25
12/4/20,575.5,37280,585,585.5,575.25
12/3/20,584.5,48471,588.5,591,579.75
12/2/20,588.5,68951,578.25,592.5,574.75
12/1/20,577.25,87169,585,589,574
11/30/20,585,84999,607.5,609.25,584.25
11/27/20,606,70548,600.5,607.75,598.5
11/25/20,596.5,96507,619,622.75,595.25
11/24/20,617.5,81422,604.5,618.5,599
11/23/20,604.5,68510,602,610,601.5
11/20/20,599.5,71620,597,604.75,596.75
11/19/20,598.75,56350,606.75,608.25,597
11/18/20,606.5,58190,603,611.75,600
11/17/20,603,53622,604.75,609.25,600.25
11/16/20,604.75,64606,602,607.75,593.5
11/13/20,602,54982,602.5,604.25,599.5
11/12/20,597.25,63030,604.75,606.75,596
11/11/20,598,100308,607,613.5,595.5
11/10/20,608.5,121178,597.25,613,594
11/9/20,597.5,83625,602.25,607,595
11/6/20,602,90704,607.75,615.75,601.75
11/5/20,609.25,94040,621.75,624.5,606.75
11/4/20,606,63062,604.75,608,604.5
11/3/20,608,68027,607,616.5,604
11/2/20,607.5,72968,608.5,608.5,607.5
10/30/20,598.5,69807,602,607.25,595.25
10/29/20,603.75,66407,609.75,611.25,598.5
10/28/20,608.75,70566,608.75,611,607
10/27/20,615.75,59297,618.75,627,614.75
10/26/20,620,65309,632.75,633,616
10/23/20,632.75,62523,623,635.5,619.5
10/22/20,622.75,62443,628.5,632.25,621.25
10/21/20,629.75,59822,629.75,631.5,628.75
10/20/20,632,76161,628.5,638.25,623.5
10/19/20,627,85549,631,636.75,620.25
10/16/20,625.25,88883,618.5,630.75,615.5
10/15/20,618.25,84538,596.75,619.5,596.5
10/14/20,596.75,56400,594.75,600.25,587.25
10/13/20,594,54026,596.25,604.25,590.75
10/12/20,594.25,61973,592.5,599,587
10/9/20,593.75,85707,600.25,601,591.75
10/8/20,595.25,90589,608.75,616.75,593.25
10/7/20,607.5,96024,591.25,611.5,588.5
10/6/20,592.75,78470,593,593.25,590
10/5/20,584.25,56034,574.5,587.75,561.25
10/2/20,573.25,53063,569.25,576.5,561.25
10/1/20,570.25,73055,574,584,568.5
9/30/20,578,116053,548.75,587,547
9/29/20,549.5,42870,551,553.25,546
9/28/20,550.25,57982,545.25,551.75,537.75
9/25/20,544.25,45607,552.25,552.5,543.75
9/24/20,549.75,69202,548,554.25,541
9/23/20,549,57588,558.5,560.25,547.25
9/22/20,558,73320,553.5,567,550.25
9/21/20,554.75,92060,576.5,578.25,550.5
9/18/20,575,96514,555.75,578,555.5
9/17/20,556.25,73655,542,557.25,537.25
9/16/20,542,45921,535.5,543,533.25
9/15/20,538.25,58252,546,547,533.75
9/14/20,545.75,46483,542.5,547.75,539.75
9/11/20,542,69129,548.25,552.25,539.75
9/10/20,548.25,64409,543.75,556.75,542.75
9/9/20,543.75,48845,544.5,549.5,541.5
9/8/20,544.25,60736,549,551,542.5
9/4/20,550.25,44215,552.75,556.25,546.5
9/3/20,553.25,59178,557.75,561,550.5
9/2/20,558.25,67717,565,565.75,554.75
9/1/20,564,103649,550,568.5,548.25
8/31/20,552.25,67263,548.75,560.25,547.25
8/28/20,548.75,73487,551.25,555.5,547.5
8/27/20,550.75,72152,539.75,552.25,538.75
8/26/20,539.75,66883,535.25,540.5,531.5
8/25/20,535.5,78690,530,542,528
8/24/20,527.75,83723,535.75,540.75,524
8/21/20,535,72611,529,535.5,523.75
8/20/20,528.5,62410,522,529.25,515.75
8/19/20,522,65634,517,524,515.75
8/18/20,517.5,68983,526,526.5,512.75
8/17/20,526.25,71292,509.5,527,509.5
8/14/20,509.5,68037,505,516.75,503
8/13/20,506.5,65627,498.5,509.75,498
8/12/20,500,70829,504,506,497
8/11/20,495,76461,491,498.75,490.5
8/10/20,491,68966,495.25,497.25,490
8/7/20,495.5,85959,501.25,503.75,490.5
8/6/20,501.25,83152,510.75,515,500.75
8/5/20,510.75,64101,508.25,512.75,506
8/4/20,508.25,77828,521,521.25,507.75
8/3/20,521,68719,527,528.25,517
7/31/20,531.25,44131,528.5,535.25,528.5
7/30/20,529.5,44413,531.75,534.5,525
7/29/20,532.75,40067,523.5,533.25,523.5
7/28/20,523.5,48774,526.5,529.75,519.25
7/27/20,527.75,45729,538.75,539,526.25
7/24/20,539.5,61238,530.75,544,530
7/23/20,529.5,45752,534.75,536,527
7/22/20,534.5,57355,525.75,540.25,523.75
7/21/20,527.75,58703,520.5,531.5,518.5
7/20/20,522,81905,534,535.25,517
7/17/20,534.75,50417,535.75,540,530.75
7/16/20,535.25,91056,550,551.5,534
7/15/20,550.75,93618,527,551.75,526.75
7/14/20,526.75,55728,523.75,533.5,522.75
7/13/20,524.75,75642,528,535.5,522.25
7/10/20,534,122383,524,539,520.5
7/9/20,525,120666,516.5,531.25,515.75
7/8/20,516.5,104938,495.5,517.5,494.75
7/7/20,495.25,58987,494.25,500,489.75
7/6/20,493.25,43742,495.25,496.5,487.75
7/2/20,492,38241,498.25,499.25,488.5
7/1/20,498.75,70792,492,499.75,489
6/30/20,491.75,75800,486,498.75,481.25
6/29/20,486.5,79743,482.5,491.5,481.75
6/26/20,475.75,93035,482,483.75,471
6/25/20,488.25,82290,483.25,491.75,483.25
6/24/20,485.75,43423,491.25,492.5,484.5
6/23/20,491,54310,489.5,493.25,483.75
6/22/20,489.5,52349,483.5,490.5,481.75
6/19/20,485.25,61095,487.25,490.5,481
6/18/20,488.75,48357,493.75,497,485.75
6/17/20,494,51057,499.25,500.75,492.75
6/16/20,501.25,49478,510.25,512.25,496.25
6/15/20,509.75,41476,505.75,510.25,503
6/12/20,507.75,45116,505.75,510.5,501.75
6/11/20,499.25,84848,508.75,509,498.5
6/10/20,506.25,70258,505,509.25,502.5
6/9/20,504.5,96699,512,514,500.75
6/8/20,511.5,83471,517,517.75,508.5
6/5/20,515.25,93436,526.75,527.75,513.25
6/4/20,523.75,71948,512.25,529,512
6/3/20,512,66910,509.75,515.5,506.5
6/2/20,508,73691,517,517.25,506.75
6/1/20,515.25,59191,520,520.75,511.5
5/29/20,520.75,50836,513.5,522.25,511.75
5/28/20,514.5,60881,505.25,518.75,503.75
5/27/20,528.5,372,531,534,526
5/26/20,506.75,46625,504.25,512.25,504.25
5/22/20,508.75,56551,515,516.25,503.25
5/21/20,516,72667,515,524,512
5/20/20,513.75,83945,499.5,517.75,496
5/19/20,498.75,41655,496.75,501.5,496.25
5/18/20,497,40595,501.5,502.75,493.75
5/15/20,500.25,46931,502.5,508,497.5
5/14/20,502.25,42530,500,506,496.75
5/13/20,501.75,56588,514.25,514.25,500.25
5/12/20,514.5,52622,518,518.25,507.75
5/11/20,517.25,48456,524,528,516.25
5/8/20,522,34090,519,525,517
5/7/20,522.5,46696,517.25,527,516.5
5/6/20,517.5,39500,520,521.75,513
5/5/20,520.75,46252,518,522.75,512.25
5/4/20,519.5,60329,510,521.25,505.75
5/1/20,516.5,38470,522.5,522.75,513.75
4/30/20,524.25,61953,516.5,525.25,506.75
4/29/20,516.5,57708,526,526.25,510.5
4/28/20,526,45936,526.75,531.75,520.25
4/27/20,524.75,54092,532.5,533,521.25
4/24/20,530.5,67208,547.5,549.5,529
4/23/20,544.75,53704,542.5,552,539
4/22/20,543.75,48716,546.75,548.75,537.25
4/21/20,548.75,20201,553.75,558.25,544.5
4/20/20,547.5,73284,536,561.5,535.5
4/17/20,533.75,42376,529,535.75,525
4/16/20,530.5,51117,539.75,544.25,529
4/15/20,540.5,72843,548,550,531.5
4/14/20,549.75,59252,555.75,557.25,546.25
4/13/20,555.5,49782,560,564.5,552.75
4/9/20,557.5,54051,549.25,559.25,546.5
4/8/20,548.25,51791,551,554.5,545
4/7/20,549.25,61117,555.25,555.75,545.25
4/6/20,555.75,43507,550,561.75,549.75
4/3/20,549.25,39986,541.75,556.5,541.5
4/2/20,541.75,43143,550.25,553.25,538.25
4/1/20,550.25,63718,567.25,571.75,546.5
3/31/20,568.75,62692,569.75,575.25,564.25
3/30/20,569.5,57513,572.25,580.75,562.75
3/27/20,571.25,83840,569.5,587,563.5
3/26/20,569,72629,579.5,583,564.5
3/25/20,580,93812,560,583.25,556.75
3/24/20,561.5,63288,560.5,562.5,549.75
3/23/20,562.5,81836,539.5,563.25,537.25
3/20/20,539.25,66708,534.5,547,533
3/19/20,535,97431,508.5,540.5,508.5
3/18/20,508.25,65279,500.75,512,494.5
3/17/20,499.25,61968,496.25,506.5,494.5
3/16/20,498,75977,503,507.25,491.75
3/13/20,506,66238,505,513.75,499.5
3/12/20,505.5,79121,510.5,510.75,497.25
3/11/20,512.75,56111,521.75,524.75,511.75
3/10/20,522.25,65867,520,525,514
3/9/20,518.75,85631,509,522.5,505.75
3/6/20,515.75,55240,518,520.75,510
3/5/20,518.75,58785,518.5,523.75,514.5
3/4/20,518.25,55163,525.25,526.25,516.75
3/3/20,527.25,69430,523.75,534,521
3/2/20,523.25,73723,519,525,516.75
2/28/20,525,83266,525.5,526.5,512.5
2/27/20,527.5,70392,532.25,534.25,526.25
2/26/20,535.75,57704,537,540,532.75
2/25/20,537,72915,537,539.5,528.5
2/24/20,534.75,96033,551.5,551.5,532.5
2/21/20,552,84361,559.25,568.25,551
2/20/20,559.25,54353,558.5,560,557.25
2/19/20,562.5,70932,560,564,551.5
2/18/20,565,97326,547.25,568.5,546.5
2/14/20,541.5,52839,545.5,548.75,541
2/13/20,544.75,62416,548.5,550.5,541.5
2/12/20,547.5,86164,541,549,538.25
2/11/20,542,158485,551.5,551.75,539
2/10/20,552,93064,558.75,560.75,551
2/7/20,558.75,59004,557,563,553.25
2/6/20,556.25,49966,563.75,565.5,555.75
2/5/20,562,50472,559.25,563.75,555.5
2/4/20,557.25,66108,554.25,564.25,553.5
2/3/20,555.5,78076,551.25,558,546.5
1/31/20,553.75,60507,562.5,561.75,552.75
1/30/20,560.5,76309,562.5,562.5,550.75
1/29/20,562.25,52891,571,573.25,561
1/28/20,569.75,55050,573,576.5,565.5
1/27/20,572.25,76674,567.75,573.25,559.5
1/24/20,573.5,55232,581.75,581.75,569.5
1/23/20,580.5,54542,577.75,583,575.25
1/22/20,577.75,81611,581.5,592.5,574.5
1/21/20,581.5,66730,572.5,582.75,566.75
1/17/20,570.5,53130,565.5,572.5,564.25
1/16/20,565.25,55333,573.5,573.5,560
1/15/20,573.25,73596,569,578.75,568.25
1/14/20,568.5,64981,562.25,573,559.25
1/13/20,562.25,47045,561.5,563.5,560.5
1/10/20,564.5,88626,562.75,568.5,555.75
1/9/20,562.25,63389,553.75,564,552.75
1/8/20,552.75,47991,549.5,555.75,545.25
1/7/20,550.25,38229,549.5,551,545.5
1/6/20,550,45766,551,552.25,549.75
1/3/20,554.5,42389,560.75,562,551.75
1/2/20,560.25,46534,559.5,567.5,558.25
12/31/19,558.75,35599,555,559.75,553
12/30/19,556,39382,560,564.5,551.5
12/27/19,556.25,47946,549.75,561,549.25
12/26/19,549,28809,540.75,552,540.25
12/24/19,541,20450,539.5,545,538.5
12/23/19,539.5,31162,543,547,538.75
12/20/19,542.25,42735,545.25,549,538.75
12/19/19,545.25,37748,547.5,553.5,544
12/18/19,548.25,52106,553.25,555,545.25
12/17/19,556.25,64351,554,554.5,553.75
12/16/19,549.75,86465,534.75,556.75,534.75
12/13/19,532.5,63178,533,536.25,525.75
12/12/19,530.25,62142,518,534.25,516.25
12/11/19,519.25,43769,523.5,523.5,516.75
12/10/19,523.75,41361,522.75,528,519.25
12/9/19,522.75,40806,523.75,526,520.25
12/6/19,524.5,42375,521.5,525.25,519.25
12/5/19,523.75,38445,527.5,530,522.75
12/4/19,527.5,45303,525.25,529.75,522.25
12/3/19,525.25,79387,538,541.25,524.25
12/2/19,535.25,66361,542,542.5,534.25
11/29/19,541.75,61009,530,546,528.5
11/27/19,526.75,52888,530.75,533.25,526
11/26/19,531,70772,532.5,532.75,525.75
11/25/19,533,93819,518.75,534.75,518.75
11/22/19,518.75,55380,512,522,511.25
11/21/19,512,54240,518,522.75,511
11/20/19,518.75,43344,517.5,519,516
11/19/19,515.25,75427,509.5,518.75,509.25
11/18/19,510.75,56436,506.5,513.5,501.75
11/15/19,506,42216,511,511.5,504.75
11/14/19,511,47489,513,516.5,509.25
11/13/19,509,67868,516.5,516.75,506.5
11/12/19,517,73685,506.25,517.25,505.25
11/11/19,505.75,72706,508,510.5,503.75
11/8/19,510.25,74097,512.5,517.75,505.5
11/7/19,512.5,64677,517.5,519.75,511
11/6/19,516.75,58565,519.25,519.25,515.25
11/5/19,515.25,49575,511,516,509
11/4/19,509.75,37521,514.25,515.25,508
11/1/19,516,50941,508.75,516.5,506.75
10/31/19,508.75,58877,504.5,510.25,501
10/30/19,509.25,33241,511.25,514,507
10/29/19,511.5,47873,513,516,508.25
10/28/19,511.75,45800,518,518.5,510
10/25/19,517.75,36823,517.25,522,514.5
10/24/19,516,33533,522.5,523.75,515.5
10/23/19,520.75,40152,518,523.75,515.75
10/22/19,518,50263,523,532.25,517.25
10/21/19,523.5,51369,532,535,522.75
10/18/19,532.25,52046,526,532.75,521
10/17/19,525.5,63460,514.25,527,512.75
10/16/19,513.25,47298,505.75,514.25,504.5
10/15/19,507,35214,510,511.25,504.25
10/14/19,511,50042,513,515,506.75
10/11/19,508,79998,491.75,512.75,491.25
10/10/19,493,64664,499.5,504.25,487.5
10/9/19,501.25,43051,500.5,504.5,497.25
10/8/19,500.25,55127,489.75,502.25,486.75
10/7/19,489.25,31139,492,494.5,488.5
10/4/19,490.5,27806,489.25,492.25,486.5
10/3/19,488.75,30740,488,493,485.75
10/2/19,489,52877,496.5,499,485.25
10/1/19,498.75,57640,496.5,499.25,489.75
9/30/19,495.75,74163,488,501,483.25
9/27/19,487.25,34268,486,490.5,482.5
9/26/19,484.25,45317,477,486.75,476.75
9/25/19,477.25,33274,481,482.25,476.25
9/24/19,481.75,36138,481.75,484.25,477.5
9/23/19,483,27627,485,487.5,481.25
9/20/19,484.25,37308,486.5,491.25,483.5
9/19/19,488,48408,489.25,492,484.5
9/18/19,489.5,47625,484.25,492.5,481.75
9/17/19,484.25,45826,485.5,487,480.75
9/16/19,488.75,45916,488,490,482.25
9/13/19,483.5,47789,485.5,491,480.5
9/12/19,483.75,58231,479,486,472.5
9/11/19,477.5,42657,481.5,482.5,475
9/10/19,482.25,51432,476.75,483.5,474.5
9/9/19,474.5,61479,461,476,460.25
9/6/19,463.75,32759,466,466.75,460.25
9/5/19,466.25,44185,460.5,469.5,460.25
9/4/19,460.75,63209,454,465,454
9/3/19,453.5,73005,463,463,450.5
8/30/19,461.25,85252,472.75,472.75,459.25
8/29/19,472.75,34127,475,477.5,471.75
8/28/19,475.25,50120,477.25,478.25,468.75
8/27/19,476.75,47881,474.5,479.75,472.75
8/26/19,475.25,46103,476,481.25,472.75
8/23/19,477.75,53277,471.25,478.5,465.75
8/22/19,471.75,43705,468,474.5,466
8/21/19,468,49005,466.5,468.75,461.75
8/20/19,466.5,53172,471,475.75,463.5
8/19/19,472.5,49683,475.25,476.75,471
8/16/19,477.5,46171,476,478.75,474
8/15/19,474.5,52906,480.75,482,473.25
8/14/19,478.25,53682,478.5,483.5,475.75
8/13/19,475.75,60140,474,481.75,469.5
8/12/19,476.25,72159,502.25,503.75,471.5
8/9/19,499.5,73141,498.25,505.25,496
8/8/19,498.5,85784,489.5,502.75,486
8/7/19,488.25,60192,484,490.25,477.5
8/6/19,484,55743,493,495.75,482.75
8/5/19,494.5,67021,490.25,495,479.25
8/2/19,490.75,74706,479.25,491.5,476
8/1/19,475.75,76911,486.75,488.5,471.75
7/31/19,487.25,57737,497.5,500.5,484.5
7/30/19,497.25,44565,502.25,503.25,495
7/29/19,503.5,60212,495.25,507.25,492.5
7/26/19,496,39006,499.5,500.25,493.5
7/25/19,499.5,64004,497.75,507.5,492.25
7/24/19,497.75,59336,487.25,498.75,487.25
7/23/19,487.25,55578,487.75,493.5,483.25
7/22/19,487.25,65106,505.25,505.25,487
7/19/19,502.5,64885,494.75,516.75,492.5
7/18/19,493.5,56327,504,505.25,493
7/17/19,505.5,38410,507.25,514,502
7/16/19,507.5,49434,507.75,510,501
7/15/19,507.75,63977,524.25,531.5,506
7/12/19,523,58649,521.5,525.75,516.75
7/11/19,521.5,79869,505,523,500.25
7/10/19,504.75,61280,500.25,506.75,498
7/9/19,502.75,66574,510,511,498.75
7/8/19,511,58372,518,519,507.25
7/5/19,515,38512,514,517,505.25
7/3/19,514,38571,502,514.5,501
7/2/19,503.25,70421,511.75,515.75,501.25
7/1/19,511.75,70001,530,531,508.5
6/28/19,527.25,104285,546,554.75,522.5
6/27/19,546.75,82282,547.25,557.25,541.75
6/26/19,546.5,93003,539.75,547.75,536.25
6/25/19,540,72014,545,549.5,538.25
6/24/19,542.5,64329,530.75,544.75,526.75
6/21/19,530.75,55147,532.5,534.75,528.25
6/20/19,531.75,56449,524.75,534.75,519.75
6/19/19,526.75,72445,533.75,535,519
6/18/19,535.5,52544,542.75,544.25,528
6/17/19,542.75,58093,542.75,553,539.5
6/14/19,542,68867,539,545.25,534.25
6/13/19,535.5,73930,526,536.5,524.75
6/12/19,526.25,93361,519.75,528,513
6/11/19,518,87489,504,518.75,500.25
6/10/19,507.5,63971,505.25,508.5,493.25
6/7/19,504.5,88355,511,512.75,502
6/6/19,510,122720,492,514,487.75
6/5/19,490.75,91714,507,508.5,488.5
6/4/19,507.25,113735,526,529,501.25
6/3/19,519.75,86538,505.75,522.75,503
5/31/19,503,101476,514.5,520,500.75
5/30/19,514.5,97414,488.75,515,482
5/29/19,490.5,121176,515,521.75,487.5
5/28/19,504.75,99622,495,509.25,494.5
5/24/19,489.5,71570,469.75,490.75,467.25
5/23/19,470.25,77144,473,485.5,466.25
5/22/19,472.75,63528,475.75,481,468.5
5/21/19,478.75,95535,486.25,492.75,474
5/20/19,478.25,82318,469.75,484,468
5/17/19,465,71721,469,473.25,462.5
5/16/19,467,70419,446.25,468.5,446.25
5/15/19,448.75,81854,451.5,464,447
5/14/19,448.5,63902,441.25,450.75,438
5/13/19,437,71139,425.5,440.75,418.5
5/10/19,424.75,63888,432,434.25,421.5
5/9/19,429.5,52450,437.75,438,428
5/8/19,439,46176,440.25,443.5,434.5
5/7/19,439.5,53128,436.5,442.25,431.25
5/6/19,437.25,45547,430,439.5,428
5/3/19,438,45325,445,448,436
5/2/19,444,62007,436.75,448.5,435.5
5/1/19,436,55987,428,437.75,427.75
4/30/19,428.75,66120,434.25,435.5,426
4/29/19,435.25,69257,443.25,446.75,433.75
4/26/19,442.5,51353,439.75,445.75,439.5
4/25/19,441.5,61784,436.75,443.5,434.5
4/24/19,438.5,65495,444.5,445.75,436
4/23/19,445,75642,441.25,447.5,439
4/22/19,441.75,57541,446.75,448.25,440.75
4/18/19,448.25,57183,450,451.5,443.25
4/17/19,450.25,64293,450,453.75,448.25
4/16/19,448.5,86091,462.25,463.75,446
4/15/19,463.25,73658,467.25,467.5,461.25
4/12/19,468.5,54360,466.5,468.75,462
4/11/19,465.5,65743,460.25,466.75,460.25
4/10/19,458,59642,459,461.75,455.5
4/9/19,459.5,79734,462,462.5,456.25
4/8/19,465.25,77349,467.25,471,461.75
4/5/19,467.75,83156,469,469.5,464.25
4/4/19,470.75,67792,471,477.5,468
4/3/19,471,59353,463,472.75,463
4/2/19,464,45376,463.5,465.75,456
4/1/19,462.75,58685,459.5,468.25,456
3/29/19,457.75,69561,463.75,464.75,452.5
3/28/19,464.5,47846,468.5,469.25,459.5
3/27/19,469.5,58676,470,471.75,466.5
3/26/19,469.25,81580,470,478,467
3/25/19,469.5,56185,466.5,471.75,463
3/22/19,466,68775,465.5,473.75,463.75
3/21/19,466.5,56559,464.5,467.5,458
3/20/19,464.75,52588,456.75,465,454.75
3/19/19,456.5,51782,458.5,462.5,453.75
3/18/19,456.75,55358,463.25,464,454.5
3/15/19,462.25,65527,452.5,463,448.5
3/14/19,452.75,79820,447.25,460.75,447
3/13/19,447.25,83521,454,456,440.25
3/12/19,453,120652,428.5,457,427.5
3/11/19,428.5,70675,439.5,441.75,427
3/8/19,439.5,76853,438,444.25,434.25
3/7/19,438.25,81781,450.75,451.75,437.5
3/6/19,450,60644,464.25,464.25,449.25
3/5/19,462.75,51293,457,464,453
3/4/19,455.5,58587,457.25,461.25,454.25
3/1/19,457.25,87776,459.5,461.25,447.25
2/28/19,459.5,60088,468,468.75,457.75
2/27/19,466.75,61522,468.25,475.5,465.25
2/26/19,468.25,96775,473,474.75,463.75
2/25/19,472.75,105017,494.5,495,472.25
2/22/19,491.75,65609,493,497.5,488.75
2/21/19,491,81437,484.25,495.25,483.75
2/20/19,484.25,94031,492.25,496,479.75
2/19/19,492.25,65846,505.25,508.5,491
2/15/19,507,69089,511.25,512.25,503
2/14/19,510.5,74002,525,525.75,510
2/13/19,526,58227,521,527.25,520
2/12/19,520,77834,518.5,520.75,514.5
2/11/19,518.25,77753,517.25,519,512
2/8/19,517.25,103906,514.75,522.25,513.5
2/7/19,513.25,105092,525.25,525.25,512.5
2/6/19,526,68638,527,531.25,524.25
2/5/19,527.25,70137,525.25,528.25,520.5
2/4/19,525.75,70166,524.75,529,521.25
2/1/19,524.25,80178,515.75,526.5,515.25
1/31/19,516.5,53150,517.75,520,513.5
1/30/19,516.75,44727,513.25,518,511.75
1/29/19,513.25,72224,517.75,522,510.75
1/28/19,518.75,41835,520.75,523.5,516
1/25/19,520,48880,520.5,523,516.75
1/24/19,521.5,48426,527,529,521
1/23/19,526,42002,522.5,527,521.75
1/22/19,521.25,73695,518,526,514.25
1/18/19,517.75,46812,519.75,522.75,515.25
1/17/19,517.75,63323,511.5,522.5,509
1/16/19,512.5,41124,511,516.75,511
1/15/19,511,54336,514.75,518.25,508
1/14/19,514.25,44072,520,523.5,513.25
1/11/19,519.5,66720,513.75,523.75,512.75
1/10/19,513.75,53147,519.5,520.25,512
1/9/19,520,50717,519.75,523.75,518.25
1/8/19,517.75,66424,516.5,524.5,513.75
1/7/19,516.75,38861,518,518.5,513.5
1/4/19,517,41760,513.75,518.75,513
1/3/19,513.75,46639,506.75,516,506
1/2/19,506.75,42685,502.5,510.75,501.25
12/31/18,503.25,36551,512.75,513.5,503
12/28/18,511.5,23190,511.75,514,509.5
12/27/18,510.5,30626,511.5,513,507.25
12/26/18,510,30797,516,520.75,509
12/24/18,516.5,21205,512,518,511
12/21/18,514,59838,522,524,512.25
12/20/18,523.5,43776,524,527.75,521.25
12/19/18,522.5,47373,532.75,533,521.5
12/18/18,532.75,37350,534,536,530
12/17/18,535.25,34446,531,537.5,530
12/14/18,530,47819,536,538,527.75
12/13/18,536,74719,527.25,538.5,527.25
12/12/18,526.5,48921,522,528.75,521.75
12/11/18,521,56138,525,529,517.5
12/10/18,525.25,48084,529.75,531,524.5
12/7/18,531.25,82014,517,532,515.25
12/6/18,515.5,44394,518,518.5,510
12/4/18,518,38309,521.75,522,513.5
12/3/18,521.25,59962,526,529.5,517
11/30/18,515.75,64439,507.75,519.25,507.25
11/29/18,507.75,53162,511.5,514.5,506
11/28/18,511.5,60935,506.5,513.25,505.25
11/27/18,506.5,69578,513,516.75,504
11/26/18,514,67079,510,514.25,509
11/23/18,507.25,58953,509,516,506.5
11/21/18,506.75,45615,508,512,504.75
11/20/18,508.5,49530,505.5,509.75,503.75
11/19/18,506.5,55089,514.75,515.25,503.25
11/16/18,515.25,40400,513.75,516.75,511.75
11/15/18,514.75,58625,512,517.25,512
11/14/18,512,65083,516.5,521.25,510.5
11/13/18,507.75,98091,518.25,520.75,506
11/12/18,519.75,108595,502.5,520.75,501.25
11/9/18,502,86759,507.5,508,500.75
11/8/18,507.75,102747,509.5,517,503.25
11/7/18,510.25,62984,512.5,514.25,507.25
11/6/18,512,48060,507.25,514,505.5
11/5/18,507.25,52289,511.25,512.25,503.75
11/2/18,508.75,54361,507,509.75,502.75
11/1/18,508,83496,500.5,510,500.5
10/31/18,500.5,79746,499.75,501.75,490
10/30/18,499.75,66427,505.5,507.5,497
10/29/18,507.25,63057,510.25,515,502.75
10/26/18,505.25,134980,487.25,506.75,486.75
10/25/18,487.25,78135,499.75,499.75,485.5
10/24/18,499.5,72936,510,510.75,496.75
10/23/18,509,46058,508,511.25,505.25
10/22/18,508,46409,514,514.25,507.25
10/19/18,514.75,43842,513,518.5,510.75
10/18/18,513,40006,516,519.5,511
10/17/18,517.5,37192,524,524.5,516
10/16/18,523.5,48686,525.75,527,521
10/15/18,525,49820,518.5,526,514.75
10/12/18,517.25,53301,507.75,519,507.25
10/11/18,508,69134,510.75,521,506.5
10/10/18,510.5,40777,516.75,518,510.25
10/9/18,515,44914,513.5,520.5,511.25
10/8/18,514,52634,524,525.5,512.75
10/5/18,521,47447,518,524.5,517.25
10/4/18,518,51143,515.75,520.75,513.75
10/3/18,515.25,63827,521.25,527.25,514.25
10/2/18,519.25,89252,510.5,524.75,505.25
10/1/18,509.5,66037,510,515.25,505.5
9/28/18,509,70538,513,518,505.5
9/27/18,513,55706,517.75,522,511.25
9/26/18,517.5,45203,521.25,527,516.75
9/25/18,520.75,60760,525.25,525.75,516.25
9/24/18,527,53196,522,531.25,520
9/21/18,521.75,41310,521,524.25,515
9/20/18,524,55436,523,525.75,516
9/19/18,522.5,56818,511,523.25,510.5
9/18/18,510.5,54923,506.25,514.25,506.25
9/17/18,506.25,68269,513.5,517.75,505.5
9/14/18,511.5,83037,497,514.25,496
9/13/18,497,81936,505,510,495.25
9/12/18,506.75,125233,519,529.25,500.25
9/11/18,518.75,54612,528.5,532.75,517.25
9/10/18,528.25,63963,512,529,508.25
9/7/18,511.25,63766,513.25,514.5,507.5
9/6/18,513.75,62247,522,524.5,512.5
9/5/18,521.75,57185,531.5,538.25,521.25
9/4/18,531.5,102329,538,542.5,519.5
8/31/18,545.5,63716,536.25,548,535.25
8/30/18,535,73175,544.75,549.5,530
8/29/18,541.75,115900,523,545,521.25
8/28/18,523.25,76910,523,529,518.5
8/27/18,522.5,77498,536,536,521.75
8/24/18,536.5,70928,541.75,541.75,535
8/23/18,541.75,75231,550.75,554.5,535.5
8/22/18,545.25,72373,547,552.5,540
8/21/18,547.75,69428,564.75,564.75,546.5
8/20/18,562.5,61954,581.75,582.5,560
8/17/18,579.75,89386,562,582.75,555
8/16/18,562,57285,552.25,567.5,550.5
8/15/18,551.75,85307,560.75,562.5,549
8/14/18,561.25,63583,553.5,563.5,552.25
8/13/18,553.5,91087,562,572.25,552
8/10/18,569.5,100652,587,595.5,568.25
8/9/18,586.5,72518,592,594.5,582
8/8/18,591.25,83318,591.5,599,586.25
8/7/18,590,88106,598,607.75,587.25
8/6/18,597.25,55725,579.5,598.75,575.25
8/3/18,579.75,53580,585,590.25,576.5
8/2/18,560.5,146930,559.5,593,559
8/1/18,558.25,96499,555.25,566,550.75
7/31/18,553.75,91335,545.5,565,540.5
7/30/18,546.5,67887,533.5,551.75,532.75
7/27/18,530.5,90190,536,542,525.25
7/26/18,536.5,125132,544.75,553.75,532
7/25/18,542.75,137261,511.5,545.25,511.25
7/24/18,510.25,64712,511.5,516.25,505.25
7/23/18,513.75,71773,518,522.5,512
7/20/18,516,73738,503.5,519.75,503
7/19/18,504.25,52231,493.75,505.75,490.25
7/18/18,494.5,52440,498.25,505,493.75
7/17/18,497.75,67579,491,504.25,487.75
7/16/18,488.5,58860,495.25,498.5,486.75
7/13/18,497,79595,483.5,497.75,481.25
7/12/18,484.5,70078,474.25,488.5,473
7/11/18,471.75,85073,489.75,490.5,471.25
7/10/18,492,78587,507.5,507.75,488
7/9/18,508,48077,513.75,514,503.5
7/6/18,515.25,63786,505,516.25,498.25
7/5/18,505.5,69198,496.5,508.5,496.5
7/3/18,491,49430,481.25,493,481
7/2/18,480.25,89657,501.25,509.75,479.5
6/29/18,501.25,110788,484.5,509,483.25
6/28/18,483.5,54819,487.5,492.75,482.75
6/27/18,488.5,73558,483,492.25,481.75
6/26/18,483,71188,491.5,496,480.25
6/25/18,490.5,67102,502,503.75,487
6/22/18,504.25,56381,506.75,509.5,498.5
6/21/18,506.75,81891,500.75,510,493
6/20/18,499.25,78645,489.5,501,486.5
6/19/18,489.5,89486,501,501.25,480
6/18/18,501.5,3936,501,501.25,496.75
6/15/18,513.5,72723,518,524,503.25
6/14/18,517.25,57296,532.75,533,515
6/13/18,516.5,117337,535,538.75,514.5
6/12/18,534.5,138335,514.75,538.25,510.25
6/11/18,514.5,90178,520,528.25,511.75
6/8/18,520,122899,528.25,533.5,513.25
6/7/18,526.75,112859,522.25,537,519.25
6/6/18,519.75,99155,509.75,531.25,507.5
6/5/18,510,103428,507,518.75,506
6/4/18,505.25,100599,520.25,521.25,503.25
6/1/18,523.25,81164,524.5,528,518.25
5/31/18,526.25,81075,522,531.75,515.25
5/30/18,522,102436,534.75,534.75,516.5
5/29/18,536.5,132759,547.5,554,531.5
5/25/18,543,82322,530,544.75,528.25
5/24/18,530.25,133515,531,545.25,529.25
5/23/18,531,87972,520.75,531.75,517.25
5/22/18,521.5,117819,505.5,530.25,502.75
5/21/18,507.25,99180,523,525.5,504.25
5/18/18,518.25,95019,497.5,518.75,495.25
5/17/18,497.5,66273,496,505,495
5/16/18,494.25,54372,493.75,498.75,491
5/15/18,493.5,69658,490.5,496.25,486.25
5/14/18,491.25,64060,499,499,490.25
5/11/18,498.75,51740,502.75,505.25,497
5/10/18,506.5,74432,511.25,515,500.25
5/9/18,510.5,58035,515.5,515.75,506.25
5/8/18,514.5,68656,511,520.25,506.75
5/7/18,511.5,76332,522.25,524,510.5
5/4/18,526.25,78865,537.25,537.25,523.5
5/3/18,538,72977,526,538.5,520.5
5/2/18,526.75,103424,529,534.5,521
5/1/18,529.25,112360,512.5,530,506
4/30/18,510.5,90007,500.75,513.25,500.75
4/27/18,498.5,57616,493.25,499,488.75
4/26/18,489.5,81765,498.5,504.25,487.25
4/25/18,499,87389,485.25,501.5,484.5
4/24/18,484.25,75388,474.75,485,467.75
4/23/18,474.5,85577,478,483.25,472.25
4/20/18,477.25,70903,489.75,491,476.25
4/19/18,490.75,60471,491.75,494,485
4/18/18,489.25,59056,481.5,490.5,480.5
4/17/18,481.5,58361,480.25,486.75,477
4/16/18,479,77108,483.25,487,478
4/13/18,489.25,54362,496.75,498.5,486.25
4/12/18,498.25,62805,500.5,501.5,492
4/11/18,504.25,78058,508,508.5,500
4/10/18,492,123877,492,494,481.75
4/9/18,490.75,124547,478,493.75,474.75
4/6/18,472.25,69843,461.5,472.75,459.25
4/5/18,464.75,70377,458,466,456.5
4/4/18,455.75,92952,457,461.5,447
4/3/18,457.5,91923,448.5,463.5,448.25
4/2/18,463.5,35209,473,474,463
3/29/18,468.5,85046,447.5,455.75,441.5
3/28/18,445.5,52644,449.5,452.5,444.5
3/27/18,449,1907,449.5,450.75,449
3/26/18,454.25,64238,462.5,463.75,451.25
3/23/18,460.25,72432,455.25,461.75,446.5
3/22/18,455.75,60713,453.5,459.75,451.25
3/21/18,453.5,76296,453.5,454.5,446.75
3/20/18,453,88812,452.5,457.5,450
3/19/18,450.75,106206,465,466,450.25
3/16/18,467.75,78712,478.75,482.25,467
3/15/18,478.75,72924,488.75,493.25,476
3/14/18,488.75,62070,485.5,490.5,483
3/13/18,486.5,82684,490.5,498,484.75
3/12/18,490.75,61559,488.5,492.75,483
3/9/18,489.25,67855,499.5,499.5,486
3/8/18,499.25,88937,497.25,502.5,490.25
3/7/18,497.25,83444,504.75,509.75,496
3/6/18,507,81454,506.25,507.75,495.25
3/5/18,509.25,72514,506.5,510.25,495.25
3/2/18,500,130285,514.25,518.5,493.25
3/1/18,515.5,144339,495.5,518,489.5
2/28/18,495,134449,478,499.5,476.5
2/27/18,463.25,30823,462,465.75,460.25
2/26/18,472.75,94697,469.75,476.75,467.75
2/23/18,464.25,60071,466,469.25,463.75
2/22/18,464.25,62123,460.25,465,457
2/21/18,459.5,67768,463.25,465,458.25
2/20/18,462.5,78651,474,477.25,462
2/16/18,471.5,42134,478,478,470.25
2/15/18,475.25,59202,469.25,476.75,465.5
2/14/18,469.25,58011,471.25,474,467
2/13/18,473.75,78212,476.75,479.5,472
2/12/18,464,124259,452,465,451.5
2/9/18,449,111933,454.25,456,448.25
2/8/18,456.25,125785,461.75,464.5,451.25
2/7/18,460.5,142459,449,461.75,447.75
2/6/18,446.25,78593,442,447.75,438.75
2/5/18,440.25,97566,443.25,445.75,438.75
2/2/18,446.75,67312,449.75,451,445
2/1/18,451,108822,451,451.5,443.25
1/31/18,451.75,115733,458.5,458.75,447.5
1/30/18,457.25,125714,454,458.5,449.75
1/29/18,449.25,105530,443,449.75,443
1/26/18,441,79748,435,442.5,434.25
1/25/18,434.5,89445,433,438.75,429.5
1/24/18,433,110272,422.25,433.75,420.75
1/23/18,421.5,55457,423.5,425,419.75
1/22/18,425.75,48967,424.5,427.5,423.25
1/19/18,422.75,38044,425.25,427.25,421.5
1/18/18,425.25,51901,422.25,425.75,421.25
1/17/18,421.5,50528,416.75,423.25,415.5
1/16/18,416.5,80987,420.25,422.75,413.25
1/12/18,420.5,127587,433.25,436,418.75
1/11/18,433.25,71755,434.25,434.5,428.5
1/10/18,434.25,60953,432.25,435,431.5
1/9/18,432.25,61621,427.75,433.75,425.25
1/8/18,427.75,69856,430.25,432.25,425.75
1/5/18,430.75,60263,433,433.75,427.5
1/4/18,434,57541,435.75,436,431
1/3/18,436,69201,435.25,437,432
1/2/18,433.5,68906,428.25,436.25,428.25
12/29/17,427,33015,426.25,428,424
12/28/17,427.75,30427,427.5,428.75,425.25
12/27/17,428,34941,422.25,428.25,420.75
12/26/17,422.25,26982,424,426.75,420.75
12/22/17,424.75,36347,426.75,429,424.25
12/21/17,427,40618,424,427.5,422.5
12/20/17,423.5,51608,418.75,424.5,416.25
12/19/17,419.5,37505,420.5,424,419
12/18/17,420.5,45699,420.25,423.5,419.5
12/15/17,418.25,45899,418.75,421.5,415
12/14/17,418.25,49728,416.5,420.75,416
12/13/17,416.75,52972,411.25,417.25,411
12/12/17,410.75,75793,413.25,418.75,410.5
12/11/17,413.5,75135,418,418.75,410.75
12/8/17,419,49109,421,424.75,417.75
12/7/17,421.5,60041,425.25,425.75,419.5
12/6/17,425.25,62636,432.25,433.5,424.5
12/5/17,432.75,45576,434.25,436.25,431
12/4/17,435.25,57680,439.5,443,434.25
12/1/17,438.5,63005,433,439,432
11/30/17,433,97494,435.75,439,430.5
11/29/17,434.75,87794,429.25,435.5,429.25
11/28/17,429.25,81946,429,431.25,424.25
11/27/17,428.25,77644,434,434.5,427.5
11/24/17,434.75,65245,440.25,440.5,431
11/22/17,440.75,75712,441.25,444.5,438.5
11/21/17,441.25,62615,438.5,445,436.5
11/20/17,438.5,59000,443,443.75,436
11/17/17,443.5,52194,437.5,444,437.25
11/16/17,438,55503,438.5,441,436.5
11/15/17,437.75,54755,444.75,445.25,435.75
11/14/17,445.25,76205,443.25,446.25,441
11/13/17,424.25,105417,432,432,422.25
11/10/17,431.5,99814,429.5,434.25,426.75
11/9/17,429,149768,425.75,432,423.75
11/8/17,426.75,89169,427.25,427.5,419
11/7/17,427.25,106318,430.25,431,424
11/6/17,430.75,81576,427,431.25,427
11/3/17,425.75,67091,427,429,422.25
11/2/17,426,68602,417.5,426.75,417.5
11/1/17,418,63702,418.75,422,416.5
10/31/17,418.5,90315,425,426.25,416.25
10/30/17,424.75,47174,427.5,428.25,422.5
10/27/17,427.25,59086,430.5,431.25,424.75
10/26/17,431.75,44033,435.5,437.5,431
10/25/17,435.5,56948,438,443,433.75
10/24/17,438,44507,438,438.75,433
10/23/17,436.75,79600,426.25,438.25,423.75
10/20/17,426,50257,433,436,425
10/19/17,432.75,52412,430.5,436.25,429.5
10/18/17,430,46266,434.75,435.25,429
10/17/17,434.75,45215,436.5,440.75,433.5
10/16/17,436.5,44776,440,442.75,435.5
10/13/17,439.5,51555,430.75,440.75,430.5
10/12/17,430.5,72999,432.5,437.75,428
10/11/17,433.25,69235,435,435.5,429.75
10/10/17,435.25,51921,436.75,439.75,434
10/9/17,436,58252,444,445.75,435.5
10/6/17,443.5,46015,440.5,444.75,438.75
10/5/17,440.75,56533,443.25,444,438
10/4/17,442,56198,448.75,449.25,441.5
10/3/17,448,79562,445,450.5,443.25
10/2/17,444.75,73885,446.5,448.5,439.5
9/29/17,448.25,89072,455.5,459,446.25
9/28/17,455,55519,462,462,454
9/27/17,461.5,71799,454,462.75,449
9/26/17,453.75,69372,453.5,460.75,451.5
9/25/17,454,62346,448,454.75,444
9/22/17,449.5,57279,452.5,455,448
9/21/17,452.5,59377,451.75,454.5,445.5
9/20/17,449.75,61169,443.25,452,442.75
9/19/17,443,69943,442.75,446.75,435.75
9/18/17,443.5,51347,448.5,450.75,442.25
9/15/17,449,59266,443.5,450.25,440.75
9/14/17,443,63197,444,450.5,441.75
9/13/17,443.25,76002,441.25,449.75,441.25
9/12/17,442,90811,434,443.75,428.25
9/11/17,434.75,43118,437.75,440,431.5
9/8/17,437.75,46130,436.75,442,435.5
9/7/17,437.25,53104,445.75,446.25,435.75
9/6/17,445.75,59079,441,448,439.25
9/5/17,443,66085,441.25,446.75,439.5
9/1/17,438.75,61514,434.5,440,433.25
8/31/17,434.5,77347,429,437.75,428.5
8/30/17,429.75,57112,429.5,433.5,427.25
8/29/17,429.75,70975,428,431.25,422.5
8/28/17,428,71991,433.5,436.5,426.5
8/25/17,435.25,57524,434.5,438,433.5
8/24/17,434.5,75538,430,436.75,426.75
8/23/17,430,71227,429,434.5,428
8/22/17,429,78797,438.25,440.5,428.75
8/21/17,437,56552,440.75,445,435.5
8/18/17,442.5,65490,440.75,444.5,438.75
8/17/17,440.75,88161,447,449.75,438.75
8/16/17,447,83185,455.5,462.25,444.25
8/15/17,456,76383,467,467,454.25
8/14/17,467.75,65824,465.25,468.75,458.25
8/11/17,467,74103,469,472,462.25
8/10/17,468.75,79808,486.75,489.5,467.25
8/9/17,486.75,58716,484,488.75,481.25
8/8/17,457,84916,463.75,468,454.75
8/7/17,463.5,64834,457.75,464,454.25
8/4/17,454.75,53013,457.75,461.5,453.5
8/3/17,457.75,60877,461,463.75,454.25
8/2/17,460.75,80099,462,466.75,455.75
8/1/17,461.25,79691,469,478,460.5
7/31/17,474.5,50702,478.75,480.75,471.5
7/28/17,481,47748,480.25,489.25,478
7/27/17,479.75,44875,478.25,485.5,477.5
7/26/17,477.75,54913,476,481,473
7/25/17,474,89828,494.75,495.25,473.25
7/24/17,488.75,88479,496.25,496.5,483
7/21/17,499.25,68386,506.5,510.25,497.5
7/20/17,505.75,65783,504.5,508.25,495
7/19/17,503,69255,504,509,500
7/18/17,503.75,73846,509,517.75,503
7/17/17,506,58648,509.5,512,502.75
7/14/17,510.75,67755,511.25,520.5,507
7/13/17,511.75,105944,513.5,535,509.25
7/12/17,537,94071,537,552.25,534.75
7/11/17,553,91544,551.5,559.25,540.75
7/10/17,550,87063,549.25,553.5,540.25
7/7/17,535,95454,532,545.75,530
7/6/17,539,155826,539,560,535
7/5/17,560,186685,558.25,574.5,536.75
7/3/17,555,147621,553.5,556,533.5
6/30/17,526,182641,525,526,496
6/29/17,496,155708,496,498.75,472
6/28/17,473,62161,472.25,475,467.75
6/27/17,469,59809,467,472.5,465
6/26/17,465.5,70536,466.5,474.25,463.5
6/23/17,473.5,57521,471,480.5,472.5
6/22/17,475.25,63274,478,480,470.5
6/21/17,479.5,55875,483.5,489,478.5
6/20/17,487.75,68874,487,490,478.25
6/19/17,483,78762,478.25,489.25,475
6/16/17,481.5,79657,476,484.25,470.25
6/15/17,453.75,112118,453,457.25,437.25
6/14/17,443,101161,443,452.25,441.75
6/13/17,445,97501,443.25,446.25,436.75
6/12/17,434,103925,438.5,444,431.25
6/9/17,445.75,113956,445.5,454.25,443.75
6/8/17,449.25,133163,448,455.75,446
6/7/17,444.75,120672,445.25,448.75,437.5
6/6/17,435.75,100344,436,440.75,429.25
6/5/17,429.5,76253,429,433.25,425.5
6/2/17,429.5,51791,431,434,426.5
6/1/17,429,69806,429,431.25,421.25
5/31/17,429.25,63368,431.75,436.25,428.25
5/30/17,429.5,73964,430.75,439.25,426.25
5/26/17,438.25,46326,438,439,429.25
5/25/17,430.75,43139,430,436,430.25
5/24/17,432.5,44696,431,433,427.5
5/23/17,429.5,63112,433.5,435.75,428
5/22/17,434.25,66052,435,442.5,434
5/19/17,435.25,53555,435.25,436.75,425.25
5/18/17,425.75,65168,426,429.25,421.25
5/17/17,427,61354,429.75,432.25,421.5
5/16/17,424.25,66093,423.75,426,420.25
5/15/17,423.25,65061,422.75,431,421.5
5/12/17,432.75,47457,432.75,437.75,431.25
5/11/17,433.75,56362,433.75,435.5,428.5
5/10/17,431.75,83535,431.75,435.75,426
5/9/17,429.5,58568,430,434.5,428.5
5/8/17,433.5,63560,434,441.5,432.75
5/5/17,442.25,58303,442.25,444,436
5/4/17,437.75,113337,437,455.25,436
5/3/17,454,93400,453.5,456,445.75
5/2/17,454,137344,453,461.5,448.25
5/1/17,456,149635,454.5,457,438.25
4/28/17,432.25,65181,433,434.5,429.5
4/27/17,431.25,82334,431.25,433,425
4/26/17,426.5,95905,426.5,432.5,424.5
4/25/17,427,118107,427.25,429.25,416
4/24/17,419.25,74587,420.25,425,418
4/21/17,421,108944,420,424,416.25
4/20/17,421.75,100729,421.75,437,421
4/19/17,434.5,66433,434.25,440.5,432.75
4/18/17,437,63673,437,437.75,432.75
4/17/17,435.75,52359,442.25,444.75,433.75
4/13/17,442.75,85503,447.75,448.75,442.25
4/12/17,433.25,104895,433.25,436.5,431.5
4/11/17,433.25,136938,432.25,434.75,423.75
4/10/17,428.75,77004,424.75,429,422.5
4/7/17,424,83476,423,425.25,419.5
4/6/17,423.25,48505,430.25,430.75,421.75
4/5/17,429.75,66496,428.75,430.5,425
4/4/17,427,57424,427,432.25,425.75
4/3/17,427.75,68863,427.5,434,427
3/31/17,426.5,93283,426.5,432.25,416.5
3/30/17,421,51450,425.25,426.25,419.5
3/29/17,425.5,47679,425.75,427.5,422.5
3/28/17,424.5,49684,424,425.75,419.25
3/27/17,420.75,49575,420,426,418.25
3/24/17,424.75,46607,423.25,426.25,420.75
3/23/17,421,46354,421,424.75,420
3/22/17,422.25,50514,423.5,427.25,421.25
3/21/17,426.5,61786,427.5,430.5,423
3/20/17,430.25,56337,430.25,442.75,429
3/17/17,436.25,30114,436.25,437.75,433
3/16/17,436,40986,437.25,440.75,434.5
3/15/17,436,47046,436,437,430.5
3/14/17,430.5,55914,429.75,434.5,428.5
3/13/17,430.5,68827,431,442,430
3/10/17,440.5,44760,443.75,446.5,439.5
3/9/17,444,62687,445.5,450.75,442.25
3/8/17,447,53366,447.5,457.5,445.25
3/7/17,456.5,52561,457.75,460.5,450.75
3/6/17,458.5,52291,458,462.5,456.25
3/3/17,453.5,42763,454,455.5,448
3/2/17,452.75,61596,455,459.5,449.75
3/1/17,457,75902,457.25,457.75,442.25
2/28/17,443.75,98605,443.25,454.5,439
2/27/17,438.75,86054,439.5,447.75,438
2/24/17,448,69770,445.5,454,445.75
2/23/17,453.5,55955,457,459,452
2/22/17,456,65605,455.5,458,450
2/21/17,449.75,59119,454,455,449.25
2/17/17,455.5,56510,457.25,460.75,455
2/16/17,455.5,56510,457.75,460.75,455
2/15/17,461.25,68910,468.5,477,458.5
2/14/17,468.25,40368,461.5,468.75,460
2/13/17,463.5,47734,463,466,460
2/10/17,449,119899,443,450.75,441
2/9/17,443.5,144755,442.25,444,429.5
2/8/17,432.5,88343,432.5,433.25,427.5
2/7/17,430.75,99600,430.5,431,419.75
2/6/17,422.5,58474,422.5,432.25,422.25
2/3/17,430.25,55589,432.5,435.75,429.25
2/2/17,434.5,70060,433.5,437.75,429.75
2/1/17,433.75,97407,433,434.5,417
1/31/17,420.75,55525,413.75,421.25,413
1/30/17,414,56793,415,419.25,412.75
1/27/17,420.5,59296,426.5,427.5,419.25
1/26/17,420.5,55406,426,430.5,421.75
1/25/17,427,55406,426,430.5,421.75
1/24/17,424.5,43401,425,428.75,423
1/23/17,426.75,54671,426.5,434.75,426
1/20/17,428.25,53710,423,428.75,421.5
1/19/17,423.5,61802,423,430.75,422.75
1/18/17,431,65109,433.75,434.5,428.25
1/17/17,433.5,102811,432,437.5,423.75
1/13/17,426,67956,428,426.75,419.25
1/12/17,426,67956,425.25,426.75,419.25
1/11/17,426.25,127315,419.25,430,414.5
1/10/17,418.75,103667,418,426.25,412
1/9/17,426.75,58549,426,427.25,423.5
1/6/17,423.25,61928,423,428,421.75
1/5/17,426.25,82571,425,427,416.25
1/4/17,418.5,61242,407,414,405.75
1/3/17,406.5,61242,407,414,405.75
12/30/16,408,30189,406.25,409.25,403.5
12/29/16,404.75,27426,405,406.75,402.5
12/28/16,401.5,42388,401.5,410,400.25
12/27/16,409.5,65727,408.25,411,394.5
12/23/16,393.5,30230,397,398.25,392.75
12/22/16,397,35577,397,400.5,396.5
12/21/16,399.5,31203,397.25,404.5,399
12/20/16,403.25,33496,403,407.75,400.25
12/19/16,405,49790,405.5,413,403
12/16/16,409.25,43167,410.25,411,404.5
12/15/16,409.25,58706,409,418.25,408.5
12/14/16,418,37529,417.75,418.5,413
12/13/16,417.5,48919,415.25,420.75,414
12/12/16,417.25,52862,410.5,417.75,408.5
12/9/16,416.25,61543,416.5,417,403.75
12/8/16,408.25,68072,409,409.25,401.5
12/7/16,401,48680,402.25,407.5,399.5
12/6/16,406.75,50047,406.25,413,405.75
12/5/16,408.25,59344,405.75,410,404.25
12/2/16,404.25,55115,398.5,405,396.5
12/1/16,395.5,85545,395.75,404.5,393
11/30/16,402.75,71479,405,414,402.25
11/29/16,408.75,89357,412.25,415.75,407.75
11/28/16,416.5,97046,418,421.25,414.25
11/25/16,419.5,48432,424,427,418.5
11/23/16,423.75,79482,422.5,427.75,417.5
11/22/16,427.25,69539,427.75,429.75,422
11/21/16,427,58935,425.75,429.75,421.25
11/18/16,425.25,46657,418,427.5,416.75
11/17/16,420,53336,420,422.75,414.5
11/16/16,414.25,63257,414.75,420,413.75
11/15/16,418.75,59294,419,420.5,411.25
11/14/16,412.5,79324,398.5,403.75,392.5
11/11/16,403,78618,406.25,407.5,401
11/10/16,404.75,98686,404.75,414.25,402
11/9/16,406.75,126498,407.25,417.75,403.75
11/8/16,415.25,126289,410.5,419.75,408.25
11/7/16,410,72642,410.75,415.75,406.5
11/4/16,414.25,44015,413.25,415.25,410.25
11/3/16,412,67747,415,420,409
11/2/16,417.75,73228,417.5,420.25,412
11/1/16,414.25,65886,415.5,417,408.75
10/31/16,416.25,65886,415.5,417,408.75
10/28/16,408.5,43537,412.5,417.5,407.25
10/27/16,414.5,59496,414,418.75,411.25
10/26/16,411.5,69000,411.5,414,402.75
10/25/16,404.25,58010,403,406.75,398.75
10/24/16,402.5,80860,403.25,416.75,400.75
10/21/16,414.5,37252,414,418.5,413.25
10/20/16,417,48329,416.5,422.75,415.25
10/19/16,420.25,59981,420.25,422.25,413
10/18/16,420,59033,418.75,425.5,418.25
10/17/16,423.75,65683,423,425.75,416
10/14/16,421,101714,420.5,428.25,414.75
10/13/16,416,104779,416,417,396.5
10/12/16,396.75,93826,396.75,414,396
10/11/16,407.25,67512,407.25,408.75,401.25
10/10/16,403.75,65400,403.5,405.25,395.75
10/7/16,394.75,60141,395.75,401,394.25
10/6/16,395.75,79558,396.75,409.5,393.5
10/5/16,405,79406,406.5,408.5,392
10/4/16,395.5,40459,394.75,398.25,392.5
10/3/16,395.5,71418,396,401.75,391.5
9/30/16,402,88103,402,403.75,390
9/29/16,399,46714,399.75,406.75,397.75
9/28/16,403.25,38996,402,407.25,401.75
9/27/16,404,58577,402,405,394
9/26/16,396,53771,396.25,407,395.25
9/23/16,404.75,43093,406,409.5,401.25
9/22/16,405.5,40080,409.5,411.75,404.25
9/21/16,407.75,36279,403.25,409,402.25
9/20/16,406,41782,405,410,401.5
9/19/16,404,44090,404,409,399.75
9/16/16,403.25,48649,403,404.75,393.75
9/15/16,399.5,41845,399,406.75,398
9/14/16,403,54682,398.5,404.25,395
9/13/16,401,50975,401,411,399
9/12/16,409.25,72426,408.75,410,400
9/9/16,403.5,47243,405,406,396.75
9/8/16,406,45913,404.75,406.75,398.25
9/7/16,402.75,46846,401.75,405,396
9/6/16,398.5,43916,398.5,402.75,394.75
9/2/16,398.5,42793,398.75,401.5,393
9/1/16,399.25,42793,395.25,401.5,393
8/31/16,394.75,59968,393.75,397.25,389.5
8/30/16,388.25,66011,388.5,395.75,386.75
8/29/16,392.25,90610,393,400.75,391.5
8/26/16,397,97558,407.25,424.5,405
8/25/16,407.5,97558,407.25,424.5,405
8/24/16,423.75,52261,427.5,429.75,423
8/23/16,426.25,51675,431.5,429.25,423.25
8/22/16,427.5,71588,429,435.25,427
8/19/16,435.25,56668,444.5,449.25,439.5
8/18/16,444.75,56668,444.5,449.25,439.5
8/17/16,444.25,55825,442.25,444.75,437.5
8/16/16,443,52598,439.75,443.75,435.75
8/15/16,439.5,62786,436.75,443,432.25
8/12/16,438.25,56227,435.25,440.5,425.25
8/11/16,440,72868,442.75,443.5,434.5
8/10/16,437,72868,442.75,443.5,434.5
8/9/16,441.5,87046,418,427.5,414.5
8/8/16,417,83056,417,419.25,411.5
8/5/16,417,106307,414.5,418.5,403
8/4/16,416,106307,414.5,418.5,403
8/3/16,403.25,52030,413,416,402.5
8/2/16,410.25,62928,409.75,415,401
8/1/16,401.25,57984,409.25,410.5,399.25
7/29/16,406,57877,407.5,412.75,403.5
7/28/16,407.75,57877,407.5,412.75,403.5
7/27/16,410.25,53143,412,420,408.25
7/26/16,414.75,43287,414,421,414
7/25/16,415,62141,416,429.25,414
7/22/16,429,79071,425,427,407
7/21/16,425.25,79071,425,427,407
7/20/16,417.75,65797,417.25,419.75,408.75
7/19/16,413,76226,413,423.75,406.5
7/18/16,418,51083,418,428.25,416.25
7/15/16,429.5,75291,424.75,439.75,424
7/14/16,424.75,70209,434,447.75,431
7/13/16,434,76628,438,451.75,436.75
7/12/16,438.5,73812,436.75,439.5,423.75
7/11/16,430.5,70177,430.5,442,426.5
7/8/16,435,71695,435,439.5,423.5
7/7/16,425.5,68787,425.5,438.75,424.25
7/6/16,428.5,60436,427.75,434,421
7/5/16,433.5,78350,434,434.5,415.75
7/1/16,430.25,82506,439.25,446,428
6/30/16,445.5,109975,447,453.5,436
6/29/16,444.5,85592,445.5,460.5,443.75
6/28/16,457.25,63832,457.25,467.5,456.25
6/27/16,458.25,63951,458,470.5,457.75
6/24/16,465,82428,465,466.25,453.25
6/23/16,465.75,60012,466,475,465
6/22/16,472.25,56359,476,478.25,471.5
6/21/16,472.5,54125,482.75,490.5,471.25
6/20/16,487.5,46125,487.5,495,486.5
6/17/16,494.75,49268,490.75,495.75,485
6/16/16,484.75,47302,490,491.5,483.25
6/15/16,489.5,52063,502,503.25,489
6/14/16,497.75,101158,485,493.5,481.25
6/13/16,491.25,102644,498.75,503.25,490.75
6/10/16,495,120863,494.75,512.5,494.25
6/9/16,510.25,101203,509.25,519,506
6/8/16,519.5,133758,516.75,524,506
6/7/16,509,108182,508.5,513.5,500.75
6/6/16,507.5,113699,507.25,514.75,496
6/3/16,497.25,110552,496,498.25,482.25
6/2/16,485.5,89419,483,487,472.75
6/1/16,473.75,63497,473.75,474.75,463
5/31/16,464.5,96966,464.75,483.75,463.5
5/27/16,481.5,69938,480.75,484.75,478.5
5/26/16,481.25,96759,481.25,482.25,465.5
5/25/16,466,46823,466,469,463
5/24/16,464,65469,463.5,470,457.75
5/23/16,462,55795,462.5,469,461
5/20/16,467.75,59986,472,474.5,464.25
5/19/16,468.75,86369,471.5,479.5,462.5
5/18/16,480,60438,478.25,484.75,477
5/17/16,481.75,72298,474.25,484.5,472.75
5/16/16,474.75,48363,474.5,476.5,467.5
5/13/16,474.75,74783,475,477.5,464.75
5/12/16,468,64767,470,468.25,457.25
5/11/16,459,53685,462,464.75,456.75
5/10/16,461.25,89006,462.75,468.75,455.25
5/9/16,456.5,64161,457.5,467,454.75
5/6/16,463.75,53288,465.75,470.25,462
5/5/16,463.25,72893,463,472.5,461.75
5/4/16,471.25,59826,474,476.5,468.75
5/3/16,470.75,115484,470.75,492.75,468.25
5/2/16,487.75,58415,485.5,490,481.25
4/29/16,488.5,70758,488.5,490.75,480.75
4/28/16,485.5,83427,485,497,481.5
4/27/16,483.5,71226,484.25,489.25,480.25
4/26/16,487.75,87048,480.75,488.5,474
4/25/16,477.75,104990,476,485.5,468.5
4/22/16,474,150518,474,501.25,472.5
4/21/16,503.5,145697,500.25,518.5,497.75
4/20/16,512.25,107660,510,512.75,492.5
4/19/16,494.25,99813,492.5,496,479.25
4/18/16,481,100272,481,484.5,467.75
4/15/16,467.5,84253,463.25,469.75,462
4/14/16,466.75,88213,467,471.5,461.25
4/13/16,467.5,72539,468.25,472.5,456.5
4/12/16,458.75,85740,452.5,457,446.5
4/11/16,447.25,98255,447.25,458.75,446
4/8/16,460.25,75063,461,462.5,456.25
4/7/16,457,71619,460.75,465.25,456.75
4/6/16,463,73523,467.5,473.75,461.5
4/5/16,474,40089,474,476.5,470
4/4/16,474.75,50029,474,479,470.25
4/1/16,475.75,56736,467.75,476.25,466.25
3/31/16,473.5,111472,473.25,475,455.25
3/30/16,464,72763,463.25,477.5,463
3/29/16,476.75,47150,475.75,477.5,470.5
3/28/16,471,60748,471,477.25,463.5
3/24/16,463,36972,462.75,464.5,458.5
3/23/16,463,32741,463.75,468,462.5
3/22/16,466.75,46128,467.75,470.5,463.25
3/21/16,466.5,57570,466.75,472,463.75
3/18/16,463,38273,463.25,464.25,457.5
3/17/16,462.5,83935,463,476,460.25
3/16/16,462.5,38411,472.5,477,469.75
3/15/16,477,38845,477,479.25,473
3/14/16,478.25,42403,475,479.5,472.75
3/11/16,475.75,55321,476.75,478.5,471.5
3/10/16,477,75540,477,477.5,465
3/9/16,468.25,54405,466,468.5,461
3/8/16,465.25,50894,465,465.75,457
3/7/16,462.75,57547,461.75,468.5,461.25
3/4/16,460.75,64053,462.25,464.5,456
3/3/16,459.75,85020,459.75,462,449
3/2/16,450.25,57425,449.5,451.5,442.25
3/1/16,446,57559,445.75,454.75,445.5
2/29/16,453.25,47896,453.25,456.5,450.5
2/26/16,452.25,63093,454,456.25,449
2/25/16,454,62484,454,456,449.5
2/24/16,451.25,91989,451.25,456.25,446.5
2/23/16,455.75,90775,455.25,466,455.25
2/22/16,464,N/A,464,464,464
2/19/16,466.75,50153,466,470.5,466.25
2/18/16,468.5,81483,468.5,475,467.75
2/17/16,474.5,57879,468,474.75,467.5
2/16/16,469,N/A,469,469,469
2/12/16,457.5,67343,458,462,455
2/11/16,458.25,N/A,458.25,458.25,458.25
2/10/16,461.25,N/A,461.25,461.25,461.25
2/9/16,457.5,88717,458.25,460.25,455
2/8/16,458.5,N/A,458.5,458.5,458.5
2/5/16,466.75,119780,467,474,465.5
2/4/16,472.75,N/A,472.75,472.75,472.75
2/3/16,480,73153,477.5,480.5,474.5
2/2/16,475.25,79546,476.75,483,473.25
2/1/16,475.25,52421,476.75,477,471.25
1/29/16,479.25,60420,477.25,479.75,470.75
1/28/16,472.25,50687,472.75,477,470.5
1/27/16,476.5,74816,476.5,485.75,473.5
1/26/16,484.75,67694,484,488.5,478
1/25/16,481.5,67725,479.5,483.75,475.5
1/22/16,475.5,46625,477.5,480,472.5
1/21/16,475,64419,475.5,480,470.5
1/20/16,471.5,54988,471.25,475.5,467.25
1/19/16,474.5,50811,472.5,479,470.5
1/15/16,473.75,49801,473,474.5,465
1/14/16,468.75,58791,469,478,468
1/13/16,478,N/A,478,478,478
1/12/16,481.25,107198,468.75,483.25,462.5
1/11/16,469,69330,469,481.5,466.5
1/8/16,478.5,80603,480,480,467.5
1/7/16,468.5,61291,467,469,456.25
1/6/16,462.75,43806,462.75,465.75,456.75
1/5/16,461.25,48052,461,464.75,458.5
1/4/16,458.25,75993,459.75,473.5,456
12/31/15,470,22163,470,472.5,468.75
12/30/15,475.75,N/A,475.5,475.75,475.75
12/29/15,475.75,1948,476.5,478.5,475.75
12/28/15,466.5,29276,467,472.5,466
12/25/15,467.5,N/A,467.5,467.5,467.5
12/24/15,467.5,20327,470.25,471.75,467.25
12/23/15,469.5,39047,472.5,475,468
12/22/15,479,N/A,478.75,479,479
12/21/15,479,662,480,480.75,479.25
12/18/15,486.75,70256,484,499,481
12/17/15,484,71392,484.75,488.25,472.25
12/16/15,483.5,54919,484,497,483.25
12/15/15,494.25,47874,490,498,486.25
12/14/15,493.5,35505,492.25,497,488.25
12/11/15,490.5,44772,492.75,498,487.5
12/10/15,495.5,53588,497,498,485.5
12/9/15,489.75,53898,489.75,491.25,481.5
12/8/15,481.5,46988,481.5,484,476.5
12/7/15,482.75,77073,482.75,493,482
12/4/15,484.5,49650,484.5,485,478.25
12/3/15,478.75,73820,479,484,466
12/2/15,467.25,64591,467.5,473.5,465.5
12/1/15,471.5,68047,471.5,480.25,470.75
11/30/15,475.5,98673,474.5,480.5,475
11/27/15,479,56487,487.5,487.5,478
11/26/15,487.5,N/A,487.5,487.5,487.5
11/25/15,487.5,68620,486,492.5,487.25
11/24/15,488.5,71565,490,497.25,487.75
11/23/15,497.75,75196,496.75,499.75,486
11/20/15,490,48975,492,496,487.75
11/19/15,492.25,56955,487,494,482.75
11/18/15,485,56273,490.5,490.5,482
11/17/15,487,77627,487,495.25,484.75
11/16/15,495.5,34106,495,499.25,492
11/13/15,497.75,42846,497.75,501.25,492.75
11/12/15,500.25,68012,497,501,495.25
11/11/15,494.75,80575,495,498,490
11/10/15,490.75,128994,491.5,504,488
11/9/15,501.75,127682,502.25,521.25,501.25
11/6/15,523.25,89754,520,526,517.75
11/5/15,526.25,113598,521.5,529,520.25
11/4/15,526.25,110628,525.75,530.75,508.25
11/3/15,516.5,60701,508.75,517,505.75
11/2/15,508,68940,508,522.75,506.75
10/30/15,522,82900,520,523.5,515
10/29/15,515,92771,515,517.5,505
10/28/15,506,70247,504.25,508.75,500
10/27/15,509.25,80985,508.5,518,506.5
10/26/15,509,106216,509,512,493.25
10/23/15,490.5,69113,492.25,494,484.75
10/22/15,490.75,48161,490,500.75,490.5
10/21/15,494.75,41755,497.25,497.5,490.25
10/20/15,491.25,44629,491.5,491.75,483.25
10/19/15,485.75,69498,486,493.5,484.25
10/16/15,492.25,87989,492.5,506,489.75
10/15/15,502.5,38722,502.5,512.75,502
10/14/15,508.25,54112,507,519.75,507.5
10/13/15,519,66097,518.75,521.75,505
10/12/15,506.75,42519,506.75,510.5,503.25
10/9/15,509.25,79551,514,519.5,504
10/8/15,511.5,65538,512,522,509.25
10/7/15,516.75,67557,515,531.5,515
10/6/15,526.25,67229,525.5,527,513
10/5/15,515.5,50267,515,518,508.75
10/2/15,513.25,61353,514,523,511.75
10/1/15,518.25,92760,518,523.75,511.75
9/30/15,512.75,100082,512.25,515.5,498.25
9/29/15,503.75,45715,503,509.75,500.5
9/28/15,505.5,65965,507,515.5,500
9/25/15,507.75,56874,507,510.5,496.25
9/24/15,497.25,53459,495.5,509,496.75
9/23/15,507.5,73894,507,508.5,493.75
9/22/15,495.5,50082,495.5,496.75,488.25
9/21/15,496.75,64325,497,499.25,480.5
9/18/15,486.75,43255,486.75,488.75,480
9/17/15,481.5,40378,481.25,489.75,480.5
9/16/15,488.25,56084,488.25,495.25,483
9/15/15,494.75,56712,495,503.25,492.25
9/14/15,501.25,78801,500,501.75,485.75
9/11/15,485,73015,483,485.5,468.5
9/10/15,478,40087,478,479.5,471.5
9/9/15,472.25,55628,474,481,471
9/8/15,475,51179,471.25,476.75,468
9/7/15,467.75,N/A,467.75,467.75,467.75
9/4/15,467.75,46570,468,469.75,463
9/3/15,465.25,N/A,465.25,465.25,465.25
9/2/15,479,N/A,479,479,479
9/1/15,486.25,72080,485,491.5,482.25
8/31/15,485,69461,484.75,486.5,476.5
8/28/15,483.75,74268,483.5,493.5,482.75
8/27/15,489.75,112032,490,500.25,487.25
8/26/15,494.25,64843,494.5,504.25,493
8/25/15,499.5,89975,515,516,496.5
8/24/15,508,80651,507,509.25,491.5
8/21/15,504,59364,504,512,500
8/20/15,511.25,64740,511,512.5,499
8/19/15,500,60769,500.25,502.5,495
8/18/15,498.75,53859,503,507.25,497
8/17/15,504.5,47830,513.75,514,503
8/14/15,511.75,50721,506,517,503.5
8/13/15,509,65159,501,509.5,497.5
8/12/15,497.25,90587,499.75,519.5,488.25
8/11/15,507.25,92015,507.25,524.25,504
8/10/15,525.5,84755,521.5,530,509.25
8/7/15,510.5,78575,510,514,503.75
8/6/15,507,87862,507,514,498.25
8/5/15,502,64486,502,504.5,492
8/4/15,493.5,60957,490,506.75,491.25
8/3/15,499,55075,498.75,501.75,490.5
7/31/15,499.25,61724,502.25,503.5,495.75
7/30/15,496.5,65935,502.25,504.75,493.75
7/29/15,496.25,65484,495,512.5,495.5
7/28/15,510.75,76714,510,512.5,501.75
7/27/15,502.5,59852,501,511.75,501.25
7/24/15,511.75,52519,511.5,523.75,509.5
7/23/15,521.5,50955,521,527,516.5
7/22/15,516.75,69472,516,528.25,515.25
7/21/15,524.75,67059,524,537.75,523.75
7/20/15,532.75,62785,530,553,530.5
7/17/15,554,63046,554,561.75,546
7/16/15,562.25,60861,559.5,574,561.5
7/15/15,566.75,70540,562.75,569.75,558.5
7/14/15,571,60667,570,582.5,569.25
7/13/15,575.75,56395,574.75,576.75,566.5
7/10/15,576,81263,576,588.25,568.5
7/9/15,578,62449,577,586.5,575.25
7/8/15,577.5,60131,576.75,588.25,573
7/7/15,585.25,86637,585,593.25,578.25
7/6/15,595.5,94896,592.75,599.75,572.25
7/3/15,590.5,N/A,590.5,590.5,590.5
7/2/15,590.5,82676,587.75,601,574
7/1/15,588.5,126141,582,615,576
6/30/15,615.75,146074,614,617.5,575.75
6/29/15,583.5,148955,583,591.5,562.75
6/26/15,568,174206,564,572,536
6/25/15,538,74014,537.75,539,518.25
6/24/15,523.25,80761,515,535.25,519.25
6/23/15,527,82287,527,528,506.5
6/22/15,506,54229,505,508.75,491.25
6/19/15,492.5,62146,493,497.5,488.25
6/18/15,493.25,62189,492,504.25,492.75
6/17/15,497,47265,501.25,505.25,495
6/16/15,494.5,46601,495.25,501,492.25
6/15/15,495.25,51067,505,510.75,492
6/12/15,503.75,57435,505.5,510.75,500.5
6/11/15,504.25,93411,508.5,515.5,502.5
6/10/15,513.5,153035,513,537.5,512.5
6/9/15,532.25,109603,532.25,537.25,524
6/8/15,528,101076,527.5,532.75,516
6/5/15,517,142747,518.5,534,516
6/4/15,523.75,98434,528.25,524.25,504
6/3/15,510.75,114560,509.25,526.25,508.25
6/2/15,512.5,93968,510,513.25,493
6/1/15,493.75,87916,492.5,495.5,474
5/29/15,477,79429,477,489.25,474.5
5/28/15,488.75,78454,487,494.75,483
5/27/15,487.75,101363,490,496.25,482
5/26/15,493.5,100586,493.75,519.75,492
5/25/15,515.25,N/A,515.25,515.25,515.25
5/22/15,515.25,73864,525.5,529,511
5/21/15,522,88049,520,528,511
5/20/15,513,79523,512.25,515.75,503
5/19/15,510.25,82376,507.75,524.75,503.75
5/18/15,521.75,86568,521.75,530.25,508
5/15/15,511,93322,510,519.75,506
5/14/15,514.25,142026,514.25,515.25,480.75
5/13/15,481.5,67036,481.75,486.5,471
5/12/15,480.5,101783,481,491,478
5/11/15,481,48422,481.5,484.25,476.25
5/8/15,481.5,36946,482,483,471.5
5/7/15,472.75,58663,479.25,484,471.25
5/6/15,479.25,73645,481.75,482.25,467.5
5/5/15,466.5,52214,467.5,472.75,460.75
5/4/15,472.75,38874,473,474.5,466.5
5/1/15,474,47839,472,479.25,468.25
4/30/15,474,74399,476.5,488.75,471.75
4/29/15,483.5,61458,481,484,474.25
4/28/15,476.25,88286,476.25,478.5,464
4/27/15,473.25,75417,477,490.5,472.25
4/24/15,488.5,65970,499.5,502.75,487.5
4/23/15,501.25,58264,503.75,506,499.25
4/22/15,499,47700,501.25,504.5,495.5
4/21/15,500.25,76381,496.75,505.75,493.75
4/20/15,498.25,75829,498,498.75,488
4/17/15,489.25,61475,492.25,495,487.25
4/16/15,490.75,80271,491.75,493.25,485.75
4/15/15,489,75641,490,502.25,488.25
4/14/15,496.5,87017,497.75,504.5,493.75
4/13/15,500.25,84306,502,518,500
4/10/15,524,80295,524,525.5,514.5
4/9/15,518.75,91692,517.5,526.75,513.75
4/8/15,526.25,90224,526.25,530.75,518.25
4/7/15,526,N/A,528.25,526,526
4/6/15,527.75,51770,541,543.75,525
4/3/15,536.25,N/A,536.25,536.25,536.25
4/2/15,536.25,90730,528,544.25,522.5
4/1/15,528.5,82790,528.25,529,506
3/31/15,511.75,102198,513.75,531.75,509
3/30/15,530.25,85894,530.25,531,508.75
3/27/15,507.75,53500,502,509,499
3/26/15,499.25,82231,500.5,525.25,498.25
3/25/15,519,45913,520,528.25,516
3/24/15,523.5,55949,520.75,531.75,522.5
3/23/15,534,56513,534,540.5,531.75
3/20/15,530,69040,528.25,530.5,510
3/19/15,512,54524,511,520,505.25
3/18/15,510.75,43359,514,512.5,500.75
3/17/15,503.5,50677,502.75,518,503
3/16/15,514,N/A,514,514,514
3/13/15,502,55648,500,513.5,498.75
3/12/15,507.25,68401,507.25,513.5,498
3/11/15,499,52348,496.25,502,493.75
3/10/15,493.25,51826,493.25,496.75,483.25
3/9/15,490,55593,487.5,495,483.5
3/6/15,482.5,62779,480,485.5,478.25
3/5/15,480.5,87308,481.25,496.75,480.25
3/4/15,496,92752,496,506,494
3/3/15,506,N/A,508.75,506,506
3/2/15,500,N/A,500,500,500
2/27/15,513,66717,505.5,517.75,498.25
2/26/15,500.5,60202,500.25,501.25,489.75
2/25/15,497.25,49247,498.25,505.75,495
2/24/15,503.75,55986,503.75,510.75,502.25
2/23/15,504,63379,505,510.5,502.25
2/20/15,507,75161,508,523.75,506
2/19/15,519.5,51845,518.75,529.75,519
2/18/15,523.75,60404,525,539.75,520.25
2/17/15,531.75,49795,532,545,528.75
2/16/15,529.25,N/A,529.25,529.25,529.25
2/13/15,529.25,65185,529.25,530.5,518.25
2/12/15,519.75,N/A,519.75,519.75,519.75
2/11/15,525.75,96037,516.5,528,515.75
2/10/15,521.75,86434,521,530.75,518.5
2/9/15,529.75,76916,526.25,532.25,521.5
2/6/15,527,83378,527.5,534,516.5
2/5/15,525.75,N/A,525.75,525.75,525.75
2/4/15,511,N/A,512,511,511
2/3/15,513.75,69942,517.75,515.75,493
2/2/15,492.75,56554,493,505.5,492.25
1/30/15,502.75,65410,509.75,511.75,497
1/29/15,507.75,75778,505,512.25,500.75
1/28/15,505.25,73741,506,520.5,503
1/27/15,519,40151,523.25,524.25,517.5
1/26/15,520.5,51844,531.5,534.75,519.25
1/23/15,530,55480,528.5,536,526.25
1/22/15,533.75,43919,540,542.5,532.5
1/21/15,536.75,49039,536.75,544.5,535.5
1/20/15,537,61898,539,539.75,523
1/19/15,532.75,N/A,532.75,532.75,532.75
1/16/15,532.75,51357,534,542,531.25
1/15/15,532.75,N/A,532.75,532.75,532.75
1/14/15,537.75,64486,543.75,549.75,536
1/13/15,555.5,N/A,555.75,555.5,555.5
1/12/15,555.5,851,555.5,558.5,555.5
1/9/15,563.75,52886,563.75,574,561.75
1/8/15,567,47187,567,581,565.75
1/7/15,579.5,44688,590.25,594.5,578.5
1/6/15,591.75,51244,589,603.5,586
1/5/15,589,44377,589,597.5,579
1/2/15,581.25,38688,589.75,591,574.75
1/1/15,589.75,N/A,589.75,589.75,589.75
12/31/14,589.75,36356,598.5,604.5,586.5
12/30/14,602,33170,605,615.5,601
12/29/14,615.5,29034,615.5,620.75,608
12/26/14,610.75,19686,611,616.75,607.5
12/25/14,611.5,N/A,611.5,611.5,611.5
12/24/14,611.5,37384,634,639.75,606.25
12/23/14,635.5,30382,635,637,621
12/22/14,625.75,51986,625.5,644.5,621
12/19/14,632.25,67653,631.75,654.5,629.25
12/18/14,655.25,N/A,655.25,655.25,655.25
12/17/14,648.5,100014,647.25,650.75,617
12/16/14,619,N/A,616.75,619,619
12/15/14,619,925,616,618.5,615
12/12/14,606.5,71300,605,613.5,593.5
12/11/14,597.5,74955,575,600.25,572.75
12/10/14,581.75,N/A,581.75,581.75,581.75
12/9/14,585.75,59016,589.75,596.25,583.5
12/8/14,598,55548,590,605.75,588
12/5/14,594,50824,594,595.75,582
12/4/14,589.75,59611,588.75,591.75,577.5
12/3/14,589.5,64052,589.5,606.5,585.25
12/2/14,603.25,88753,603.25,611.75,596.75
12/1/14,606.75,89850,605,607.75,570.25
11/28/14,578.5,66735,558.25,581,557.75
11/27/14,562.75,N/A,562.75,562.75,562.75
11/26/14,562.75,52823,561.5,565.5,555.5
11/25/14,557.75,47708,558,559.5,546
11/24/14,549.5,57052,552.5,557,548.5
11/21/14,553.5,60678,549.5,560,547.5
11/20/14,552.5,59162,554,553,536
11/19/14,541,53472,539,551,537.25
11/18/14,551,39918,551,555,545.75
11/17/14,553.75,39355,555,566.75,552.25
11/14/14,562.75,53017,552.5,567.5,551.5
11/13/14,556,83075,546,557.25,541
11/12/14,542.75,132762,540,545.75,522.75
11/11/14,525.25,94473,515,526.5,511.75
11/10/14,517.25,N/A,517,517.25,517.25
11/7/14,514.5,63972,514,520.5,511
11/6/14,520.25,44987,520,528,520
11/5/14,524.75,60965,524.75,532.5,518.75
11/4/14,530.5,39877,532.25,538.75,529
11/3/14,538.25,47084,532,539.25,526.75
10/31/14,532.5,59584,530,539,523
10/30/14,536,52181,536,545.5,532.5
10/29/14,538.25,44338,537,540.5,527.5
10/28/14,530.75,42611,530,533,523.25
10/27/14,522.75,49252,522.75,526.5,510.5
10/24/14,517.75,55313,506.25,539.25,517.25
10/23/14,526.75,41042,526,530.75,519.25
10/22/14,522.25,48595,522,528.75,516
10/21/14,519.25,53567,519.25,523.75,512.25
10/20/14,513.5,39077,512.5,515.75,507.25
10/17/14,516,47614,515,522.25,512.75
10/16/14,517,N/A,517,517,517
10/15/14,506,53944,506,516.25,501.5
10/14/14,509.25,33096,507.5,510,498.25
10/13/14,505.25,38396,505.5,506.5,495.5
10/10/14,498.5,67178,498.5,508.5,488.25
10/9/14,493.25,56662,491.5,508.25,492
10/8/14,507.75,45408,508,511.75,502
10/7/14,506.25,70352,503.5,509.5,489.25
10/6/14,491.5,39487,491.5,494.75,484.75
10/3/14,485.75,43922,480.75,489,478
10/2/14,482.75,47860,484,489.75,477.25
10/1/14,479,44933,479,484,469.5
9/30/14,477.75,60766,478.75,481.75,468
9/29/14,481.25,38593,480,482.5,470.5
9/26/14,474.25,25750,470.5,476.25,468.5
9/25/14,474,51052,476.25,483.5,466.25
9/24/14,480.25,53683,481,484.5,473.5
9/23/14,476,46673,478.5,479.75,471
9/22/14,476.75,60426,475.5,480.75,469.5
9/19/14,474.5,45146,473,488.25,473.75
9/18/14,488.5,32720,488.5,498.75,487.75
9/17/14,499.25,32061,499,501.5,494.25
9/16/14,496.25,47725,499.5,508.5,491
9/15/14,500.75,39110,500.25,504,496
9/12/14,502.5,39251,502.5,509.25,500
9/11/14,509.5,58127,509.75,519.25,503
9/10/14,519.75,34976,519.75,529.25,519.25
9/9/14,527.5,31555,531.25,533.75,523.25
9/8/14,533.5,32995,533,539.25,524.25
9/5/14,535.25,48169,533.75,542,528.25
9/4/14,530.25,48215,530,537,527.5
9/3/14,535.75,80140,535.5,556.5,535
9/2/14,555,42619,555,566,550.75
9/1/14,563.5,N/A,563.5,563.5,563.5
8/29/14,563.5,50632,563,578.75,561.25
8/28/14,571.75,77847,571.25,579.25,559
8/27/14,562.25,42868,562,563,550.75
8/26/14,556.5,55130,553,558,546.75
8/25/14,554.5,46936,554.5,565,552.5
8/22/14,562.25,69760,560.75,570.5,555
8/21/14,555.5,52821,554,558,547
8/20/14,550,63027,550.5,561.5,545
8/19/14,558.5,55578,550,565.5,546.75
8/18/14,554.25,32847,554.25,563,551.75
8/15/14,563.5,59538,557.5,571,548.5
8/14/14,552.75,40430,553,555,544.25
8/13/14,545.5,N/A,545.5,545.5,545.5
8/12/14,551.25,83414,550.5,564,546.5
8/11/14,562.75,84336,563,571.5,557.75
8/8/14,549.25,73463,548,561.5,547
8/7/14,561.5,78045,560,568.25,558.5
8/6/14,568,81600,569.5,572,552.75
8/5/14,552.5,50268,552,554.25,538
8/4/14,544,54516,543,553.25,534.25
8/1/14,534.25,59620,533.75,544,530.5
7/31/14,530.25,58596,530.5,536.25,523.5
7/30/14,527.25,50331,526.5,529,519.75
7/29/14,520,51581,512.25,535.75,518.5
7/28/14,534.75,33389,534.75,543.25,532
7/25/14,538,41130,537,538.5,526.5
7/24/14,528.75,54170,528,542.25,526
7/23/14,530.75,31961,530.5,531,520.25
7/22/14,524.5,34679,524,536.75,524
7/21/14,530,35038,529.75,531.25,523.75
7/18/14,532.25,50781,531.5,555.75,531
7/17/14,550.75,85804,551.5,561.75,530.75
7/16/14,538,31664,537.75,544.75,535.75
7/15/14,537.75,37100,538,539.5,530.5
7/14/14,537.75,43237,536.25,539,524.25
7/11/14,526,66377,524.75,549.75,525
7/10/14,548.5,38112,547,556,546.25
7/9/14,551.25,37865,545.25,558.25,547.75
7/8/14,556.25,36543,556,561,555.5
7/7/14,556.75,51286,556.5,577,556
7/4/14,579.5,N/A,579.5,579.5,579.5
7/3/14,579.5,33888,579.75,581,572
7/2/14,575.5,32709,575.75,577,568.75
7/1/14,572.5,N/A,572,572.5,572.5
6/30/14,577.5,71854,581.25,592.5,567.5
6/27/14,593.75,49242,592,597.5,584
6/26/14,584.75,56990,584.75,590,579.75
6/25/14,584.25,40002,577.5,584.75,577
6/24/14,580.75,37321,580.75,589.5,579.25
6/23/14,589,44120,589,601,587.25
6/20/14,593.25,36259,593,603.25,591.75
6/19/14,602.5,40449,602,604.5,594.75
6/18/14,596.25,43231,595.75,607,590.75
6/17/14,590.75,51986,590.75,594.5,586.25
6/16/14,591.25,35805,602.25,604.75,590
6/13/14,586,65390,587.75,594.5,583.5
6/12/14,585.25,61968,585.5,593.5,584.75
6/11/14,589.25,73111,585,608.5,588.5
6/10/14,601.25,68030,602.5,616,599.25
6/9/14,612.5,64165,612.5,626.25,607.5
6/6/14,618.25,64310,618,619.5,603
6/5/14,605.75,50954,605.5,617.25,605
6/4/14,614.5,45244,618,619.5,610.75
6/3/14,612.5,52396,612,624,611
6/2/14,620.75,59048,622,626.75,616.25
5/30/14,627.25,46722,627.25,637,625.5
5/29/14,632.5,48094,632.5,645,629.75
5/28/14,638.75,43695,638.75,641.75,633
5/27/14,641,47418,641,648.5,640.25
5/26/14,652.5,N/A,652.5,652.5,652.5
5/23/14,652.5,56327,662.25,663.5,651.25
5/22/14,659.25,65558,660,669.75,654
5/21/14,664.25,62225,664.25,675.5,663
5/20/14,670.5,64153,681.25,686,666
5/19/14,674.5,69917,675.5,678.25,662.75
5/16/14,674.25,47035,674.25,682.75,670.5
5/15/14,678.25,54817,679,691,676.75
5/14/14,690.25,64696,690,710,687.75
5/13/14,709.25,38939,711.5,715.25,704
5/12/14,715,51632,711.25,722.25,700
5/9/14,722.5,67504,725,739.5,722
5/8/14,735.25,45454,731,737.75,727.75
5/7/14,737.75,44524,736.5,739.75,727.25
5/6/14,739,53784,739,744,723.75
5/5/14,729,59943,725.25,740.5,721.5
5/2/14,716,46202,714.5,720.75,706.25
5/1/14,707.25,54681,709,724.5,701.25
4/30/14,721.5,60019,719.75,724.75,710.75
4/29/14,716.5,53584,715,717,704
4/28/14,708.5,60546,712,717,697.25
4/25/14,708.25,48345,707,709.75,694.75
4/24/14,696.5,75802,693.25,702.75,677.75
4/23/14,682.75,42537,682.75,685.5,673.5
4/22/14,679.5,67331,680,684.25,669
4/21/14,675.5,56706,687.5,698,670.25
4/18/14,699,N/A,699,699,699
4/17/14,699,45056,702.5,709.25,693.25
4/16/14,695.25,70934,692,718.25,690.75
4/15/14,709.75,64577,708.5,711,682
4/14/14,686.75,54277,683,697.25,672.25
4/11/14,668.25,41290,664.75,674.25,663.75
4/10/14,670,59185,676.5,678.5,663.75
4/9/14,669,92094,685.25,688,663
4/8/14,681,58236,669.75,685.25,668.25
4/7/14,676.25,60498,676.25,679.5,665.5
4/4/14,669.75,50680,667,676.25,658.75
4/3/14,676,43491,676,677.5,666.5
4/2/14,669.25,64977,669,688,665
4/1/14,685.25,64483,685.25,698,683.5
3/31/14,697.25,73759,697.25,702,676.5
3/28/14,695.5,46972,695,708.75,693.5
3/27/14,710.5,54164,702,713.5,692
3/26/14,696.75,54180,698,711.75,694.75
3/25/14,708.25,41995,710.5,716.25,706.5
3/24/14,714.5,63534,714.5,718.25,687
3/21/14,693.25,46830,697,707.25,691.75
3/20/14,703.75,91817,703.75,723.5,693.75
3/19/14,715.75,87933,714.75,718.5,686.25
3/18/14,692.5,48830,690.5,693.5,672.5
3/17/14,674.5,47661,679,694.25,671.75
3/14/14,687.25,61174,681.25,691,669.75
3/13/14,673.75,75981,671.5,696.5,671
3/12/14,683.75,76863,682,684.5,652
3/11/14,659,66816,660,667.25,637
3/10/14,640.75,51806,640,656.75,639
3/7/14,654,72737,657.25,663,644.25
3/6/14,646,43751,646.25,649,636.25
3/5/14,642.5,53074,637.25,644.5,636
3/4/14,643.5,69403,641.5,645.75,621
3/3/14,631.5,128241,631.25,644.5,611.25
2/28/14,602.25,55188,595.25,605,590
2/27/14,589.25,76623,589.25,607,588.25
2/26/14,605.5,50485,605.5,618.5,605
2/25/14,618,78224,617,620,605
2/24/14,617,57359,617.25,617.5,600.5
2/21/14,605.5,41741,612,614.5,604.75
2/20/14,613.5,70693,613.25,614.5,607.75
2/19/14,613.5,57331,613.75,614,604.25
2/18/14,607.5,57456,607.75,608,596.25
2/17/14,596.25,N/A,596.25,596.25,596.25
2/14/14,596.25,43413,597.75,600,592.5
2/13/14,595.5,61547,597,596.75,585.25
2/12/14,587,88204,586.5,598.25,585.5
2/11/14,590.25,92561,590,591.25,582.5
2/10/14,584.75,87713,583,590.5,570.5
2/7/14,577.5,100792,582.25,586,566.25
2/6/14,580.75,67789,579.5,592.75,579.5
2/5/14,587.5,75239,587.5,588.75,579
2/4/14,584.5,83587,585,585.75,562
2/3/14,563.75,43988,563,564.25,554
1/31/14,555.75,44958,554,557.5,551.25
1/30/14,553.5,60384,552,556.75,550.25
1/29/14,551.5,83264,550.25,567,550.5
1/28/14,566,43272,567.25,569,564
1/27/14,563.5,43412,564.25,572.25,562.75
1/24/14,565.25,38514,568,573.5,562.5
1/23/14,570,46179,570,578,561.5
1/22/14,561.25,28224,561.25,566.75,560.75
1/21/14,562.25,37930,561.75,567.75,560.75
1/20/14,563.5,N/A,563.5,563.5,563.5
1/17/14,563.5,31168,564,574.25,562.75
1/16/14,572.75,47337,572,573.75,564
1/15/14,567.75,N/A,567.75,567.75,567.75
1/14/14,579.25,36696,579.25,580,570.75
1/13/14,573.5,56557,575,576,570
1/10/14,569,109510,580.25,593.25,560.5
1/9/14,584.25,66316,584.25,591,578.5
1/8/14,588.75,54460,588.75,607.25,586.75
1/7/14,602.5,45197,604,610,601.75
1/6/14,605.75,37709,605.75,612.75,605
1/3/14,605.75,48719,596.75,609,596
1/2/14,597,38080,596.75,605.25,595.5
1/1/14,605.25,N/A,605.25,605.25,605.25
12/31/13,605.25,29458,605.25,607.25,599
12/30/13,600.5,18619,602,609.25,600
12/27/13,609,22106,606.25,610,603.5
12/26/13,606,18048,609.5,607,600.75
12/25/13,606.25,N/A,606.25,606.25,606.25
12/24/13,606.25,10550,606.75,611.75,605.75
12/23/13,609.5,19020,611,615.25,608.25
12/20/13,613.5,44013,613,616,607.25
12/19/13,610.75,60790,613.5,621.25,610
12/18/13,612.75,45479,614.25,619.25,612.25
12/17/13,619.75,43623,619.25,626.75,618.75
12/16/13,621.75,42436,622,628.75,621
12/13/13,628.75,38449,628.75,635,626.5
12/12/13,633.75,46917,633.75,642.75,630.25
12/11/13,640.75,35980,641.5,643.5,635.25
12/10/13,638.75,67983,638,652.5,635
12/9/13,650.25,N/A,651.25,650.25,650.25
12/6/13,651,31349,652.5,655,649.25
12/5/13,651.75,N/A,652,651.75,651.75
12/4/13,662,N/A,662.25,662,662
12/3/13,668.25,N/A,668.75,668.25,668.25
12/2/13,662.75,N/A,665,662.75,662.75
11/29/13,668.75,32716,668.5,670.75,665
11/28/13,663.5,N/A,663.5,663.5,663.5
11/27/13,663.5,60927,664.75,667,656.25
11/26/13,656,N/A,655.75,656,656
11/25/13,659.5,N/A,660.5,659.5,659.5
11/22/13,657,47136,657.75,660,655
11/21/13,654.25,N/A,654.75,654.25,654.25
11/20/13,654.75,N/A,655.5,654.75,654.75
11/19/13,658.75,N/A,664,658.75,658.75
11/18/13,652.5,N/A,653,652.5,652.5
11/15/13,654.5,43825,656,659.25,653
11/14/13,655.5,N/A,655.75,655.5,655.5
11/13/13,645.25,57896,647.75,649,643.25
11/12/13,645.25,N/A,646.5,645.25,645.25
11/11/13,646.25,N/A,649,646.25,646.25
11/8/13,649.75,86577,650,658.5,644
11/7/13,653.5,N/A,653,653.5,653.5
11/6/13,653.75,N/A,652,653.75,653.75
11/5/13,656.5,N/A,658,656.5,656.5
11/4/13,663.25,N/A,662.5,663.25,663.25
11/1/13,667.75,64552,665.25,672.25,664.5
10/31/13,667.5,N/A,667.5,667.5,667.5
10/30/13,674.25,N/A,674.75,674.25,674.25
10/29/13,681.75,N/A,682.5,681.75,681.75
10/28/13,680.75,N/A,680.5,680.75,680.75
10/25/13,690.75,41166,691.5,702,690.25
10/24/13,696.5,N/A,697.5,696.5,696.5
10/23/13,701.5,N/A,701.25,701.5,701.5
10/22/13,700.75,N/A,700.75,700.75,700.75
10/21/13,699,N/A,699.75,699,699
10/18/13,705.75,70296,703,706.5,685.75
10/17/13,685.5,N/A,685.5,685.5,685.5
10/16/13,681.25,N/A,681,681.25,681.25
10/15/13,685.5,N/A,686.5,685.5,685.5
10/14/13,691.75,N/A,691.5,691.75,691.75
10/11/13,692.25,49918,686.25,695.5,682.25
10/10/13,685.25,N/A,685,685.25,685.25
10/9/13,690,N/A,690.25,690,690
10/8/13,693.5,N/A,692.5,693.5,693.5
10/7/13,695.25,N/A,694.75,695.25,695.25
10/4/13,687,52379,687,692.75,684.25
10/3/13,688.5,N/A,686.5,688.5,688.5
10/2/13,686,N/A,686,686,686
10/1/13,683.5,N/A,680,683.5,683.5
9/30/13,679,N/A,678.5,679,679
9/27/13,683,56482,683,685.5,675.5
9/26/13,678.5,N/A,675.5,678.5,678.5
9/25/13,669.75,N/A,669,669.75,669.75
9/24/13,658,N/A,657.75,658,658
9/23/13,653.75,N/A,653.25,653.75,653.75
9/20/13,646.25,45158,646.25,659.25,643.75
9/19/13,656.25,N/A,657.25,656.25,656.25
9/18/13,646,N/A,647.5,646,646
9/17/13,642.5,N/A,642.25,642.5,642.5
9/16/13,640.75,N/A,640.75,640.75,640.75
9/13/13,641.5,41592,649,653,640
9/12/13,652.75,N/A,653,652.75,652.75
9/11/13,647.75,N/A,647.5,647.75,647.75
9/10/13,646.25,N/A,645.75,646.25,646.25
9/9/13,640.75,N/A,641.25,640.75,640.75
9/6/13,647.75,41625,647.75,653,638.25
9/5/13,639.5,N/A,639,639.5,639.5
9/4/13,646,N/A,646.25,646,646
9/3/13,647.25,N/A,645.75,647.25,647.25
9/2/13,654,N/A,654,654,654
8/30/13,654,35222,655,658.75,650.25
8/29/13,654.5,N/A,652.75,654.5,654.5
8/28/13,660.25,N/A,659,660.25,660.25
8/27/13,663,N/A,663,663,663
8/26/13,667.25,N/A,666.75,667.25,667.25
8/23/13,646,38290,644,648,638
8/22/13,640.25,N/A,635.75,640.25,640.25
8/21/13,649,N/A,651,649,649
8/20/13,646.25,N/A,647,646.25,646.25
8/19/13,652.75,N/A,653.5,652.75,652.75
8/16/13,643.5,56879,648,653.5,638.25
8/15/13,649.25,N/A,652.75,649.25,649.25
8/14/13,642.25,N/A,645.75,642.25,642.25
8/13/13,641,N/A,639.5,641,641
8/12/13,649.5,N/A,649,649.5,649.5
8/9/13,647.25,80847,647.25,657.5,643.5
8/8/13,653.25,N/A,654,653.25,653.25
8/7/13,656.5,N/A,654,656.5,656.5
8/6/13,662,N/A,662.75,662,662
8/5/13,645,N/A,646.25,645,645
8/2/13,660.5,48985,660,667.5,656.25
8/1/13,659.25,N/A,657.25,659.25,659.25
7/31/13,663.75,N/A,663,663.75,663.75
7/30/13,655.75,N/A,653.75,655.75,655.75
7/29/13,651.25,N/A,650.5,651.25,651.25
7/26/13,650.25,30710,648.5,657.5,648
7/25/13,648.5,N/A,648.75,648.5,648.5
7/24/13,653.25,N/A,651,653.25,653.25
7/23/13,654.75,N/A,651.75,654.75,654.75
7/22/13,659.75,N/A,658.75,659.75,659.75
7/19/13,664.5,40186,662.25,670,658
7/18/13,661,N/A,661,661,661
7/17/13,665,N/A,663.25,665,665
7/16/13,669.5,N/A,668,669.5,669.5
7/15/13,669.5,N/A,670.25,669.5,669.5
7/12/13,681,38511,681,687.75,679.75
7/11/13,682.25,N/A,683,682.25,682.25
7/10/13,678.25,N/A,679,678.25,678.25
7/9/13,676.25,N/A,675.25,676.25,676.25
7/8/13,663,N/A,662.5,663,663
7/5/13,660,38137,660,672.5,659.25
7/4/13,665,N/A,665,665,665
7/3/13,665,52772,666,671.25,658
7/2/13,656.25,N/A,657,656.25,656.25
7/1/13,656.5,N/A,656.25,656.5,656.5
6/28/13,657.75,65955,656.5,678.25,656
6/27/13,673,N/A,673.75,673,673
6/26/13,676.5,N/A,677,676.5,676.5
6/25/13,685.25,N/A,685,685.25,685.25
6/24/13,688,N/A,687.75,688,688
6/21/13,705,32696,706,711.5,702.75
6/20/13,707.5,N/A,706,707.5,707.5
6/19/13,712.25,N/A,713.75,712.25,712.25
6/18/13,694.25,N/A,693.25,694.25,694.25
6/17/13,690.5,N/A,688,690.5,690.5
6/14/13,680.75,53287,683.75,685.5,676.5
6/13/13,685.5,N/A,685,685.5,685.5
6/12/13,681.75,N/A,682.75,681.75,681.75
6/11/13,696.25,N/A,695.5,696.25,696.25
6/10/13,690.5,N/A,689.75,690.5,690.5
6/7/13,696.25,49867,701,703.25,694.25
6/6/13,698.5,N/A,695.25,698.5,698.5
6/5/13,701.25,N/A,701,701.25,701.25
6/4/13,709.25,N/A,709,709.25,709.25
6/3/13,709.5,N/A,708.75,709.5,709.5
5/31/13,705.5,56637,705,707.5,692.5
5/30/13,698,N/A,697.5,698,698
5/29/13,700.5,N/A,700.5,700.5,700.5
5/28/13,693.25,N/A,692,693.25,693.25
5/27/13,697.5,N/A,697.5,697.5,697.5
5/24/13,697.5,41005,703.25,707.5,696.25
5/23/13,705,N/A,704.5,705,705
5/22/13,687,N/A,687,687,687
5/21/13,680,N/A,682,680,680
5/20/13,686,N/A,684.25,686,686
5/17/13,683.25,40489,683,689.75,680.25
5/16/13,688.75,N/A,687.75,688.75,688.75
5/15/13,693.5,N/A,693.25,693.5,693.5
5/14/13,712,N/A,710,712,712
5/13/13,709.25,N/A,710,709.25,709.25
5/10/13,704.25,52632,717.5,724,702
5/9/13,724,N/A,720,724,724
5/8/13,705.75,N/A,705.25,705.75,705.75
5/7/13,707.5,N/A,709,707.5,707.5
5/6/13,702.5,N/A,702.5,702.5,702.5
5/3/13,721,47456,733,735,716.5
5/2/13,729.5,N/A,728,729.5,729.5
5/1/13,719.75,N/A,721.75,719.75,719.75
4/30/13,730.5,N/A,730.5,730.5,730.5
4/29/13,715.5,N/A,716.5,715.5,715.5
4/26/13,692.5,50741,697,703.75,689.75
4/25/13,704.25,N/A,703.5,704.25,704.25
4/24/13,690.75,N/A,691.5,690.75,690.75
4/23/13,696,N/A,696.25,696,696
4/22/13,702.25,N/A,702.75,702.25,702.25
4/19/13,711.5,44990,703.25,714,700
4/18/13,708,N/A,708,708,708
4/17/13,706.75,N/A,707,706.75,706.75
4/16/13,708,N/A,707.75,708,708
4/15/13,698,N/A,699,698,698
4/12/13,719.5,48761,711,720.5,703.75
4/11/13,704,N/A,704,704,704
4/10/13,703,N/A,703.5,703,703
4/9/13,712.5,N/A,709.5,712.5,712.5
4/8/13,711.75,N/A,715.75,711.75,711.75
4/5/13,699,49491,691.75,700.5,689
4/4/13,692,500,691.75,693.75,691.5
4/3/13,703,2807,698.5,705.5,698
4/2/13,674,1791,674,676.5,673
4/1/13,667,705,667.25,669.25,665.5
3/29/13,687.75,N/A,687.75,687.75,687.75
3/28/13,687.75,94221,736.75,741.75,682.75
3/27/13,736,118,736.75,736.75,735.25
3/26/13,729.75,341,731.75,731.75,727.75
3/25/13,726,405,727,727.5,725.75
3/22/13,729.75,41919,729.75,731.5,715.5
3/21/13,728.75,495,728.25,729.25,726
3/20/13,733.25,1112,736,736,732.5
3/19/13,726.5,2109,722,726.5,721
3/18/13,713.5,639,713,714.5,712
3/15/13,723,49673,724.5,725,717.5
3/14/13,724,926,724.5,724.75,722.75
3/13/13,711.5,1751,710.5,712.5,709.5
3/12/13,703.25,294,702.75,704.25,702.5
3/11/13,699.75,368,699.25,701,699.25
3/8/13,697,56043,696.25,703,687.25
3/7/13,695.5,257,696.25,696.25,694.5
3/6/13,683.5,1559,683,684,682.25
3/5/13,705.5,327,707.75,708,705
3/4/13,703.5,473,702.5,705,702.25
3/1/13,720.5,55077,715.75,726.75,708
2/28/13,716.5,1068,715.75,718,714.5
2/27/13,712,1069,712,713.75,710.75
2/26/13,711.75,1414,709.75,712,709.75
2/25/13,705.75,702,706,706.5,704
2/22/13,718.75,59502,718.75,732,717.5
2/21/13,726,362,724.75,727.5,723.5
2/20/13,743,481,744.5,744.75,742.5
2/19/13,739.25,1594,738.75,739.75,738
2/18/13,748.5,N/A,748.5,748.5,748.5
2/15/13,748.5,42574,748.5,751.75,740.5
2/14/13,742.75,728,741,742.75,740.75
2/13/13,737.5,1255,735.75,738.5,735.75
2/12/13,734,925,732.75,737.25,732
2/11/13,741.75,987,742.5,743.25,740.75
2/8/13,756.25,93973,758.75,770.75,753
2/7/13,756.75,450,755.75,757.25,755
2/6/13,760,614,760.75,761.75,758.75
2/5/13,757.75,594,758,759.75,757.5
2/4/13,765.5,785,763.5,766.5,763.5
2/1/13,765,78700,763.5,790,764.5
1/31/13,781.5,781,780.5,782.25,779.5
1/30/13,786.5,618,786.75,787,784.5
1/29/13,773.75,787,776.25,776.5,773.75
1/28/13,778,197,779.25,779.75,777.75
1/25/13,776.5,49657,777,781.25,764.25
1/24/13,771.25,454,769.5,772.25,769.25
1/23/13,772.75,385,775.5,775.75,772.5
1/22/13,776.5,1066,779,779.25,776
1/21/13,791.25,N/A,791.25,791.25,791.25
1/18/13,791.25,50019,782.75,793.75,778.75
1/17/13,785.5,606,782.75,786.5,782
1/16/13,787,960,786.25,789.5,785.75
1/15/13,783.5,570,782.75,783.5,782.75
1/14/13,770.25,2292,769.75,770.5,766.5
1/11/13,754.75,122591,745.25,773,736.25
1/10/13,746,1239,745.25,746.5,743.75
1/9/13,749.5,1310,747.25,749.75,746.75
1/8/13,750.75,973,752.5,754.5,750.5
1/7/13,752.5,505,750.5,753.5,750.5
1/4/13,747.25,51059,755.5,758.25,739.75
1/3/13,754.25,999,755.5,758.25,754
1/2/13,759.25,1390,758,760.5,756.75
1/1/13,778,N/A,778,778,778
12/31/12,778,25636,778.75,780,767.75
12/28/12,778.75,40160,779.75,784.5,766.5
12/27/12,776.75,508,772.75,777,772.5
12/26/12,776,273,775.25,777,774.5
12/25/12,793.75,N/A,793.75,793.75,793.75
12/24/12,793.75,9073,793.5,796.25,791.25
12/21/12,792,29570,790.5,798.75,789.75
12/20/12,792.5,249,790.5,792.75,790.5
12/19/12,807.25,311,806.25,807.5,804.75
12/18/12,813.5,985,813,816.5,812.5
12/17/12,812.5,1148,808,813.5,808
12/14/12,814,37966,808.25,817.5,806.25
12/13/12,807.75,340,808.25,808.75,806.25
12/12/12,813,717,810.5,814,810.5
12/11/12,824,1600,823,824.25,820.75
12/10/12,848,1673,849,849,847.5
12/7/12,861,49287,862.25,864.75,852.75
12/6/12,860.5,505,862.25,862.75,860.25
12/5/12,860.25,462,861,861.5,860.25
12/4/12,858.5,261,856.5,858.5,856.5
12/3/12,861.5,439,861.5,862,859.75
11/30/12,863.5,88619,866,887,862.5
11/29/12,885.25,1856,886,887,885
11/28/12,887,1453,890.5,891,886.75
11/27/12,886.25,932,887,888.75,884.5
11/26/12,864.5,812,864.5,865.75,863.75
11/23/12,861.5,19528,862,867.5,859.25
11/22/12,859.75,N/A,859.75,859.75,859.75
11/21/12,859.75,44396,859.75,865,856.5
11/20/12,859.25,97,860.5,861.5,859.25
11/19/12,859,613,859.25,860.25,858.75
11/16/12,853.75,62330,860.25,865.5,845
11/15/12,861.75,619,860.25,862.5,860.25
11/14/12,862.5,404,864.25,864.75,861.5
11/13/12,869,162,867,870.25,867
11/12/12,873.5,308,872.5,875.25,871.75
11/9/12,886.5,115197,898.75,916.5,884
11/8/12,900.5,1007,898.75,902.25,898
11/7/12,889.25,6497,894,894,888.5
11/6/12,876.25,328,876.5,878,875.5
11/5/12,872,1045,867,873,867
11/2/12,864.5,47513,867.25,873.75,858.75
11/1/12,864,938,867.25,867.5,864
10/31/12,867.5,1187,865.75,867.5,865.5
10/30/12,858.5,N/A,858.5,858.5,858.5
10/29/12,858.5,764,858.25,861,858
10/26/12,863.75,48289,874.75,878.75,863.25
10/25/12,875.75,522,874.75,878.75,873.5
10/24/12,876.75,787,882.5,883.25,876.5
10/23/12,867,262,868.25,869,865
10/22/12,876.75,221,878,878.5,875.25
10/19/12,872.5,53082,868,885.5,866
10/18/12,868.5,172,868,869.25,866.75
10/17/12,856.5,143,856.5,857.25,855.75
10/16/12,849,195,847.75,849.75,847
10/15/12,852.25,491,848.5,854,848.25
10/12/12,856.75,63697,886.25,886.5,853.25
10/11/12,883,579,886.25,886.5,881.5
10/10/12,870.25,284,870,871.25,869.25
10/9/12,864.75,228,864.5,866,863.75
10/8/12,860.75,308,859.75,862.25,859.75
10/5/12,857.5,39674,870,872.75,856.25